Customer_ID,Debt_To_Income_Ratio,Existing_Loans_Count,Past_Delinquencies
CUST-1001,0.22,0,0
CUST-1002,0.32,0,0
CUST-1003,0.29,3,1
CUST-1004,0.19,1,0
CUST-1005,0.23,1,0
CUST-1006,0.47,1,1
CUST-1007,0.39,1,0
CUST-1008,0.24,1,0
CUST-1009,0.19,1,0
CUST-1010,0.22,0,0
CUST-1011,0.28,0,0
CUST-1012,0.3,2,0
CUST-1013,0.43,2,2
CUST-1014,0.26,1,1
CUST-1015,0.28,1,0
CUST-1016,0.33,1,0
CUST-1017,0.28,0,0
CUST-1018,0.22,2,0
CUST-1019,0.3,1,0
CUST-1020,0.14,0,0
CUST-1021,0.29,0,0
CUST-1022,0.12,0,0
CUST-1023,0.34,0,0
CUST-1024,0.31,0,0
CUST-1025,0.2,0,0
CUST-1026,0.16,0,0
CUST-1027,0.45,2,0
CUST-1028,0.3,1,0
CUST-1029,0.3,0,0
CUST-1030,0.3,0,0
CUST-1031,0.1,0,0
CUST-1032,0.35,1,1
CUST-1033,0.12,0,0
CUST-1034,0.19,0,0
CUST-1035,0.49,2,0
CUST-1036,0.46,1,2
CUST-1037,0.34,0,0
CUST-1038,0.41,1,1
CUST-1039,0.43,3,0
CUST-1040,0.4,1,1
CUST-1041,0.26,2,0
CUST-1042,0.14,1,0
CUST-1043,0.15,0,0
CUST-1044,0.23,0,0
CUST-1045,0.34,2,0
CUST-1046,0.65,4,2
CUST-1047,0.34,1,0
CUST-1048,0.46,0,0
CUST-1049,0.11,1,0
CUST-1050,0.23,1,0
CUST-1051,0.44,1,0
CUST-1052,0.22,0,0
CUST-1053,0.48,1,0
CUST-1054,0.37,1,1
CUST-1055,0.27,1,0
CUST-1056,0.28,2,0
CUST-1057,0.19,0,0
CUST-1058,0.2,0,0
CUST-1059,0.35,1,0
CUST-1060,0.29,1,0
CUST-1061,0.24,0,0
CUST-1062,0.31,0,0
CUST-1063,0.46,2,0
CUST-1064,0.49,2,0
CUST-1065,0.61,3,4
CUST-1066,0.24,1,0
CUST-1067,0.24,0,0
CUST-1068,0.19,0,0
CUST-1069,0.25,0,0
CUST-1070,0.33,1,0
CUST-1071,0.31,0,0
CUST-1072,0.13,2,0
CUST-1073,0.39,3,0
CUST-1074,0.24,0,0
CUST-1075,0.44,2,3
CUST-1076,0.19,2,0
CUST-1077,0.14,1,0
CUST-1078,0.29,0,0
CUST-1079,0.19,0,0
CUST-1080,0.3,0,0
CUST-1081,0.5,1,2
CUST-1082,0.49,2,5
CUST-1083,0.33,0,0
CUST-1084,0.33,1,0
CUST-1085,0.47,1,0
CUST-1086,0.34,0,1
CUST-1087,0.22,0,0
CUST-1088,0.47,0,0
CUST-1089,0.3,1,0
CUST-1090,0.26,1,0
CUST-1091,0.36,0,0
CUST-1092,0.36,0,0
CUST-1093,0.32,1,0
CUST-1094,0.16,0,0
CUST-1095,0.14,1,0
CUST-1096,0.29,0,0
CUST-1097,0.29,0,1
CUST-1098,0.11,1,0
CUST-1099,0.37,1,2
CUST-1100,0.24,0,0
CUST-1101,0.29,0,0
CUST-1102,0.25,1,0
CUST-1103,0.11,0,0
CUST-1104,0.32,1,0
CUST-1105,0.21,1,0
CUST-1106,0.42,2,0
CUST-1107,0.27,2,0
CUST-1108,0.23,1,0
CUST-1109,0.19,1,0
CUST-1110,0.11,0,0
CUST-1111,0.33,0,0
CUST-1112,0.67,1,2
CUST-1113,0.4,2,1
CUST-1114,0.34,1,0
CUST-1115,0.41,2,0
CUST-1116,0.11,0,0
CUST-1117,0.28,0,0
CUST-1118,0.29,0,0
CUST-1119,0.43,0,1
CUST-1120,0.17,0,0
CUST-1121,0.29,2,0
CUST-1122,0.43,1,0
CUST-1123,0.12,0,0
CUST-1124,0.37,1,0
CUST-1125,0.61,4,3
CUST-1126,0.24,0,0
CUST-1127,0.35,1,0
CUST-1128,0.41,1,1
CUST-1129,0.15,1,0
CUST-1130,0.49,2,1
CUST-1131,0.27,0,0
CUST-1132,0.31,2,0
CUST-1133,0.32,1,0
CUST-1134,0.34,2,0
CUST-1135,0.31,1,0
CUST-1136,0.11,1,0
CUST-1137,0.28,1,1
CUST-1138,0.2,1,0
CUST-1139,0.13,0,0
CUST-1140,0.12,0,0
CUST-1141,0.27,0,0
CUST-1142,0.69,3,5
CUST-1143,0.29,0,0
CUST-1144,0.35,0,0
CUST-1145,0.3,2,0
CUST-1146,0.31,2,0
CUST-1147,0.16,0,0
CUST-1148,0.23,0,0
CUST-1149,0.7,1,2
CUST-1150,0.28,0,2
CUST-1151,0.15,1,0
CUST-1152,0.35,3,1
CUST-1153,0.5,2,5
CUST-1154,0.3,0,0
CUST-1155,0.45,1,1
CUST-1156,0.45,1,2
CUST-1157,0.41,0,0
CUST-1158,0.3,0,0
CUST-1159,0.18,0,0
CUST-1160,0.27,1,0
CUST-1161,0.18,0,0
CUST-1162,0.62,3,4
CUST-1163,0.34,1,1
CUST-1164,0.28,1,0
CUST-1165,0.61,1,2
CUST-1166,0.33,1,0
CUST-1167,0.12,1,0
CUST-1168,0.34,0,0
CUST-1169,0.27,1,0
CUST-1170,0.13,0,0
CUST-1171,0.39,0,1
CUST-1172,0.16,1,0
CUST-1173,0.1,1,0
CUST-1174,0.52,2,1
CUST-1175,0.35,1,0
CUST-1176,0.15,1,0
CUST-1177,0.43,0,0
CUST-1178,0.15,1,0
CUST-1179,0.3,0,0
CUST-1180,0.45,0,0
CUST-1181,0.23,2,0
CUST-1182,0.12,0,0
CUST-1183,0.65,1,2
CUST-1184,0.25,1,0
CUST-1185,0.31,1,0
CUST-1186,0.24,2,0
CUST-1187,0.25,1,0
CUST-1188,0.43,0,0
CUST-1189,0.31,2,0
CUST-1190,0.21,1,0
CUST-1191,0.11,0,0
CUST-1192,0.33,0,1
CUST-1193,0.12,0,0
CUST-1194,0.21,0,0
CUST-1195,0.13,0,0
CUST-1196,0.33,1,0
CUST-1197,0.11,1,0
CUST-1198,0.34,0,0
CUST-1199,0.64,1,5
CUST-1200,0.43,1,1
CUST-1201,0.44,2,1
CUST-1202,0.3,0,0
CUST-1203,0.56,2,4
CUST-1204,0.14,0,0
CUST-1205,0.23,2,0
CUST-1206,0.43,0,0
CUST-1207,0.11,0,0
CUST-1208,0.14,2,0
CUST-1209,0.25,1,0
CUST-1210,0.29,0,0
CUST-1211,0.26,1,0
CUST-1212,0.31,3,0
CUST-1213,0.4,2,1
CUST-1214,0.22,2,0
CUST-1215,0.13,1,0
CUST-1216,0.32,1,0
CUST-1217,0.61,2,2
CUST-1218,0.29,2,1
CUST-1219,0.17,0,0
CUST-1220,0.29,2,0
CUST-1221,0.21,1,0
CUST-1222,0.32,1,0
CUST-1223,0.18,1,0
CUST-1224,0.17,2,0
CUST-1225,0.34,1,0
CUST-1226,0.51,1,3
CUST-1227,0.7,1,2
CUST-1228,0.46,2,0
CUST-1229,0.18,0,0
CUST-1230,0.35,3,1
CUST-1231,0.34,1,0
CUST-1232,0.25,1,0
CUST-1233,0.36,2,0
CUST-1234,0.6,1,2
CUST-1235,0.49,1,0
CUST-1236,0.15,1,0
CUST-1237,0.14,0,0
CUST-1238,0.29,1,0
CUST-1239,0.17,0,0
CUST-1240,0.17,1,0
CUST-1241,0.28,0,0
CUST-1242,0.44,1,1
CUST-1243,0.19,0,0
CUST-1244,0.19,1,0
CUST-1245,0.42,4,2
CUST-1246,0.23,1,0
CUST-1247,0.63,3,5
CUST-1248,0.19,0,0
CUST-1249,0.33,0,0
CUST-1250,0.15,1,0
CUST-1251,0.16,0,0
CUST-1252,0.26,0,0
CUST-1253,0.27,0,0
CUST-1254,0.26,1,0
CUST-1255,0.5,1,0
CUST-1256,0.52,4,3
CUST-1257,0.25,2,0
CUST-1258,0.17,2,0
CUST-1259,0.32,2,0
CUST-1260,0.11,1,0
CUST-1261,0.14,0,0
CUST-1262,0.49,2,1
CUST-1263,0.34,0,0
CUST-1264,0.6,2,2
CUST-1265,0.31,1,0
CUST-1266,0.12,1,0
CUST-1267,0.27,0,0
CUST-1268,0.42,1,0
CUST-1269,0.15,1,0
CUST-1270,0.31,0,0
CUST-1271,0.3,1,0
CUST-1272,0.34,0,0
CUST-1273,0.31,0,0
CUST-1274,0.26,0,1
CUST-1275,0.46,1,1
CUST-1276,0.27,2,0
CUST-1277,0.13,1,0
CUST-1278,0.28,1,0
CUST-1279,0.52,1,4
CUST-1280,0.29,0,0
CUST-1281,0.1,0,0
CUST-1282,0.52,2,3
CUST-1283,0.49,2,1
CUST-1284,0.3,1,0
CUST-1285,0.48,0,1
CUST-1286,0.25,0,0
CUST-1287,0.22,0,0
CUST-1288,0.3,2,0
CUST-1289,0.36,0,0
CUST-1290,0.32,1,0
CUST-1291,0.25,1,0
CUST-1292,0.43,3,1
CUST-1293,0.29,1,0
CUST-1294,0.19,0,0
CUST-1295,0.66,3,4
CUST-1296,0.38,3,0
CUST-1297,0.64,2,4
CUST-1298,0.16,1,0
CUST-1299,0.16,0,0
CUST-1300,0.28,0,0
CUST-1301,0.21,0,0
CUST-1302,0.17,1,0
CUST-1303,0.18,1,0
CUST-1304,0.25,0,0
CUST-1305,0.43,0,1
CUST-1306,0.34,1,1
CUST-1307,0.13,0,0
CUST-1308,0.3,1,2
CUST-1309,0.34,0,0
CUST-1310,0.16,2,0
CUST-1311,0.32,1,1
CUST-1312,0.35,1,0
CUST-1313,0.37,3,1
CUST-1314,0.49,3,2
CUST-1315,0.13,0,0
CUST-1316,0.16,1,0
CUST-1317,0.1,0,0
CUST-1318,0.22,2,0
CUST-1319,0.29,0,0
CUST-1320,0.34,0,0
CUST-1321,0.43,1,1
CUST-1322,0.33,1,0
CUST-1323,0.26,0,0
CUST-1324,0.31,1,0
CUST-1325,0.31,2,1
CUST-1326,0.48,1,0
CUST-1327,0.2,0,0
CUST-1328,0.46,0,1
CUST-1329,0.5,1,0
CUST-1330,0.27,0,0
CUST-1331,0.1,1,0
CUST-1332,0.27,0,0
CUST-1333,0.14,1,0
CUST-1334,0.18,0,0
CUST-1335,0.62,1,4
CUST-1336,0.47,1,2
CUST-1337,0.26,1,0
CUST-1338,0.12,0,0
CUST-1339,0.31,1,0
CUST-1340,0.48,1,1
CUST-1341,0.45,4,4
CUST-1342,0.34,1,2
CUST-1343,0.48,0,0
CUST-1344,0.5,0,0
CUST-1345,0.19,1,0
CUST-1346,0.46,0,0
CUST-1347,0.2,1,0
CUST-1348,0.32,0,0
CUST-1349,0.3,1,0
CUST-1350,0.26,2,0
CUST-1351,0.26,0,0
CUST-1352,0.11,1,0
CUST-1353,0.48,1,0
CUST-1354,0.12,0,0
CUST-1355,0.18,1,0
CUST-1356,0.27,0,0
CUST-1357,0.15,1,0
CUST-1358,0.32,1,0
CUST-1359,0.31,2,1
CUST-1360,0.28,1,0
CUST-1361,0.24,0,0
CUST-1362,0.19,2,0
CUST-1363,0.3,2,0
CUST-1364,0.14,1,0
CUST-1365,0.13,0,0
CUST-1366,0.3,2,0
CUST-1367,0.46,0,0
CUST-1368,0.28,2,0
CUST-1369,0.12,1,0
CUST-1370,0.28,2,0
CUST-1371,0.28,1,0
CUST-1372,0.27,0,0
CUST-1373,0.47,1,0
CUST-1374,0.57,3,4
CUST-1375,0.24,0,0
CUST-1376,0.45,2,2
CUST-1377,0.32,1,0
CUST-1378,0.26,1,0
CUST-1379,0.13,0,0
CUST-1380,0.44,1,0
CUST-1381,0.4,1,0
CUST-1382,0.2,0,0
CUST-1383,0.45,0,0
CUST-1384,0.26,1,0
CUST-1385,0.56,2,4
CUST-1386,0.48,1,1
CUST-1387,0.46,2,2
CUST-1388,0.3,0,0
CUST-1389,0.49,1,0
CUST-1390,0.21,2,0
CUST-1391,0.3,1,0
CUST-1392,0.58,3,2
CUST-1393,0.27,0,1
CUST-1394,0.11,0,0
CUST-1395,0.12,1,0
CUST-1396,0.31,1,0
CUST-1397,0.46,1,0
CUST-1398,0.33,0,0
CUST-1399,0.3,0,0
CUST-1400,0.26,0,0
CUST-1401,0.36,2,2
CUST-1402,0.21,1,0
CUST-1403,0.11,1,0
CUST-1404,0.12,0,0
CUST-1405,0.16,0,0
CUST-1406,0.16,0,0
CUST-1407,0.29,3,0
CUST-1408,0.29,2,0
CUST-1409,0.15,2,0
CUST-1410,0.15,0,0
CUST-1411,0.12,1,0
CUST-1412,0.32,1,0
CUST-1413,0.16,0,0
CUST-1414,0.18,0,0
CUST-1415,0.23,0,0
CUST-1416,0.21,1,0
CUST-1417,0.18,0,0
CUST-1418,0.34,0,0
CUST-1419,0.32,1,0
CUST-1420,0.47,1,0
CUST-1421,0.25,0,0
CUST-1422,0.28,1,0
CUST-1423,0.49,1,0
CUST-1424,0.17,2,0
CUST-1425,0.22,0,0
CUST-1426,0.16,1,0
CUST-1427,0.3,0,0
CUST-1428,0.18,0,0
CUST-1429,0.42,1,0
CUST-1430,0.12,0,0
CUST-1431,0.12,0,0
CUST-1432,0.2,1,0
CUST-1433,0.11,2,0
CUST-1434,0.27,0,0
CUST-1435,0.2,2,0
CUST-1436,0.33,2,0
CUST-1437,0.27,0,0
CUST-1438,0.33,3,0
CUST-1439,0.18,1,0
CUST-1440,0.38,2,0
CUST-1441,0.29,1,1
CUST-1442,0.26,0,0
CUST-1443,0.18,2,0
CUST-1444,0.13,0,0
CUST-1445,0.39,1,1
CUST-1446,0.33,1,0
CUST-1447,0.38,0,0
CUST-1448,0.31,2,0
CUST-1449,0.27,1,0
CUST-1450,0.29,0,0
CUST-1451,0.2,1,0
CUST-1452,0.28,0,0
CUST-1453,0.3,0,0
CUST-1454,0.38,2,1
CUST-1455,0.2,1,0
CUST-1456,0.3,0,0
CUST-1457,0.44,1,1
CUST-1458,0.57,2,2
CUST-1459,0.25,0,0
CUST-1460,0.44,1,1
CUST-1461,0.34,0,0
CUST-1462,0.29,0,0
CUST-1463,0.34,1,0
CUST-1464,0.48,2,2
CUST-1465,0.17,0,0
CUST-1466,0.21,1,0
CUST-1467,0.34,1,0
CUST-1468,0.28,1,0
CUST-1469,0.23,1,0
CUST-1470,0.14,1,0
CUST-1471,0.46,0,0
CUST-1472,0.27,1,0
CUST-1473,0.35,0,0
CUST-1474,0.36,1,0
CUST-1475,0.24,2,0
CUST-1476,0.32,1,0
CUST-1477,0.15,1,0
CUST-1478,0.48,0,0
CUST-1479,0.11,1,0
CUST-1480,0.28,1,0
CUST-1481,0.2,1,0
CUST-1482,0.21,1,0
CUST-1483,0.2,1,0
CUST-1484,0.24,0,0
CUST-1485,0.24,1,0
CUST-1486,0.24,2,0
CUST-1487,0.56,2,1
CUST-1488,0.31,0,0
CUST-1489,0.34,2,0
CUST-1490,0.27,0,0
CUST-1491,0.47,0,0
CUST-1492,0.23,2,0
CUST-1493,0.31,0,0
CUST-1494,0.25,0,0
CUST-1495,0.45,3,2
CUST-1496,0.3,1,0
CUST-1497,0.7,3,4
CUST-1498,0.39,0,0
CUST-1499,0.24,0,0
CUST-1500,0.49,0,1
CUST-1501,0.34,0,0
CUST-1502,0.13,1,0
CUST-1503,0.34,1,0
CUST-1504,0.13,0,0
CUST-1505,0.1,2,0
CUST-1506,0.21,0,0
CUST-1507,0.6,2,1
CUST-1508,0.15,0,0
CUST-1509,0.48,2,0
CUST-1510,0.19,0,0
CUST-1511,0.27,0,0
CUST-1512,0.35,0,0
CUST-1513,0.34,1,0
CUST-1514,0.5,1,1
CUST-1515,0.1,0,0
CUST-1516,0.32,1,0
CUST-1517,0.47,1,0
CUST-1518,0.26,0,0
CUST-1519,0.14,2,0
CUST-1520,0.33,1,0
CUST-1521,0.48,1,0
CUST-1522,0.23,1,0
CUST-1523,0.17,1,0
CUST-1524,0.29,0,0
CUST-1525,0.29,1,0
CUST-1526,0.21,1,0
CUST-1527,0.18,0,0
CUST-1528,0.14,0,0
CUST-1529,0.29,0,0
CUST-1530,0.35,1,0
CUST-1531,0.27,1,0
CUST-1532,0.44,0,0
CUST-1533,0.45,1,0
CUST-1534,0.15,0,0
CUST-1535,0.35,0,0
CUST-1536,0.61,4,1
CUST-1537,0.41,3,0
CUST-1538,0.15,0,0
CUST-1539,0.35,0,0
CUST-1540,0.34,1,1
CUST-1541,0.66,2,4
CUST-1542,0.21,1,0
CUST-1543,0.49,1,0
CUST-1544,0.44,1,0
CUST-1545,0.4,2,1
CUST-1546,0.2,1,0
CUST-1547,0.14,0,0
CUST-1548,0.26,0,0
CUST-1549,0.27,1,0
CUST-1550,0.49,1,0
CUST-1551,0.16,0,0
CUST-1552,0.21,0,0
CUST-1553,0.12,0,0
CUST-1554,0.3,1,0
CUST-1555,0.42,2,1
CUST-1556,0.16,0,0
CUST-1557,0.24,1,0
CUST-1558,0.36,3,0
CUST-1559,0.24,0,0
CUST-1560,0.2,1,0
CUST-1561,0.25,3,0
CUST-1562,0.28,1,0
CUST-1563,0.11,2,0
CUST-1564,0.17,1,0
CUST-1565,0.18,2,0
CUST-1566,0.22,2,0
CUST-1567,0.3,0,0
CUST-1568,0.15,0,0
CUST-1569,0.16,1,0
CUST-1570,0.24,0,0
CUST-1571,0.34,1,0
CUST-1572,0.26,1,0
CUST-1573,0.42,0,2
CUST-1574,0.34,0,0
CUST-1575,0.31,1,0
CUST-1576,0.18,1,0
CUST-1577,0.14,2,0
CUST-1578,0.13,0,0
CUST-1579,0.31,2,0
CUST-1580,0.4,3,0
CUST-1581,0.16,0,0
CUST-1582,0.15,1,0
CUST-1583,0.4,0,0
CUST-1584,0.15,0,0
CUST-1585,0.28,0,0
CUST-1586,0.4,0,0
CUST-1587,0.33,1,0
CUST-1588,0.28,0,0
CUST-1589,0.29,0,0
CUST-1590,0.43,1,0
CUST-1591,0.4,0,0
CUST-1592,0.34,2,0
CUST-1593,0.68,3,1
CUST-1594,0.41,2,1
CUST-1595,0.33,1,1
CUST-1596,0.27,1,0
CUST-1597,0.23,0,0
CUST-1598,0.22,2,0
CUST-1599,0.42,1,0
CUST-1600,0.26,2,0
CUST-1601,0.1,1,0
CUST-1602,0.2,1,0
CUST-1603,0.49,1,1
CUST-1604,0.66,1,2
CUST-1605,0.21,0,0
CUST-1606,0.29,2,0
CUST-1607,0.16,0,0
CUST-1608,0.3,0,0
CUST-1609,0.33,1,1
CUST-1610,0.24,0,0
CUST-1611,0.26,2,0
CUST-1612,0.2,1,0
CUST-1613,0.12,0,0
CUST-1614,0.35,1,0
CUST-1615,0.34,0,0
CUST-1616,0.11,1,0
CUST-1617,0.14,0,0
CUST-1618,0.29,0,1
CUST-1619,0.58,2,2
CUST-1620,0.34,1,0
CUST-1621,0.67,2,1
CUST-1622,0.31,0,0
CUST-1623,0.3,0,0
CUST-1624,0.11,0,0
CUST-1625,0.25,1,0
CUST-1626,0.35,1,0
CUST-1627,0.16,1,0
CUST-1628,0.51,4,3
CUST-1629,0.19,0,0
CUST-1630,0.39,0,0
CUST-1631,0.32,0,0
CUST-1632,0.3,1,0
CUST-1633,0.31,2,0
CUST-1634,0.46,1,2
CUST-1635,0.22,1,0
CUST-1636,0.36,3,0
CUST-1637,0.34,1,2
CUST-1638,0.1,0,0
CUST-1639,0.27,2,0
CUST-1640,0.14,0,0
CUST-1641,0.22,0,0
CUST-1642,0.22,0,0
CUST-1643,0.36,1,1
CUST-1644,0.21,0,0
CUST-1645,0.4,2,0
CUST-1646,0.31,1,0
CUST-1647,0.25,2,0
CUST-1648,0.38,1,1
CUST-1649,0.21,1,0
CUST-1650,0.34,0,0
CUST-1651,0.16,1,0
CUST-1652,0.17,1,0
CUST-1653,0.28,1,0
CUST-1654,0.26,0,0
CUST-1655,0.41,3,3
CUST-1656,0.32,0,0
CUST-1657,0.45,1,0
CUST-1658,0.43,2,4
CUST-1659,0.14,0,0
CUST-1660,0.37,1,1
CUST-1661,0.34,1,0
CUST-1662,0.32,0,0
CUST-1663,0.15,0,0
CUST-1664,0.19,2,0
CUST-1665,0.12,0,0
CUST-1666,0.22,0,0
CUST-1667,0.21,1,0
CUST-1668,0.22,1,0
CUST-1669,0.17,0,0
CUST-1670,0.22,1,0
CUST-1671,0.3,2,0
CUST-1672,0.31,2,0
CUST-1673,0.24,1,0
CUST-1674,0.25,0,0
CUST-1675,0.29,1,0
CUST-1676,0.3,1,1
CUST-1677,0.34,3,0
CUST-1678,0.25,0,0
CUST-1679,0.31,1,0
CUST-1680,0.34,1,0
CUST-1681,0.21,0,0
CUST-1682,0.31,1,0
CUST-1683,0.35,1,0
CUST-1684,0.26,1,0
CUST-1685,0.42,2,4
CUST-1686,0.33,1,0
CUST-1687,0.11,0,0
CUST-1688,0.31,0,0
CUST-1689,0.27,1,0
CUST-1690,0.28,1,0
CUST-1691,0.59,1,3
CUST-1692,0.18,0,0
CUST-1693,0.42,0,1
CUST-1694,0.17,1,0
CUST-1695,0.31,0,0
CUST-1696,0.16,1,0
CUST-1697,0.23,0,0
CUST-1698,0.26,0,0
CUST-1699,0.51,2,1
CUST-1700,0.29,0,0
CUST-1701,0.47,2,3
CUST-1702,0.26,2,0
CUST-1703,0.32,1,0
CUST-1704,0.24,0,0
CUST-1705,0.27,0,0
CUST-1706,0.11,0,0
CUST-1707,0.37,1,0
CUST-1708,0.57,3,1
CUST-1709,0.38,1,0
CUST-1710,0.51,2,4
CUST-1711,0.27,0,0
CUST-1712,0.28,0,0
CUST-1713,0.14,0,0
CUST-1714,0.68,2,4
CUST-1715,0.25,1,0
CUST-1716,0.29,1,0
CUST-1717,0.27,3,0
CUST-1718,0.2,0,0
CUST-1719,0.29,3,0
CUST-1720,0.48,3,0
CUST-1721,0.27,1,1
CUST-1722,0.14,1,0
CUST-1723,0.15,2,0
CUST-1724,0.21,1,0
CUST-1725,0.3,0,0
CUST-1726,0.43,0,0
CUST-1727,0.19,0,0
CUST-1728,0.39,2,0
CUST-1729,0.31,2,2
CUST-1730,0.28,1,0
CUST-1731,0.36,1,0
CUST-1732,0.22,0,0
CUST-1733,0.46,0,0
CUST-1734,0.11,1,0
CUST-1735,0.36,1,0
CUST-1736,0.36,2,1
CUST-1737,0.32,0,0
CUST-1738,0.45,2,2
CUST-1739,0.45,1,1
CUST-1740,0.28,0,0
CUST-1741,0.27,2,0
CUST-1742,0.28,0,0
CUST-1743,0.29,1,0
CUST-1744,0.33,0,0
CUST-1745,0.28,2,0
CUST-1746,0.49,1,0
CUST-1747,0.21,0,0
CUST-1748,0.26,1,0
CUST-1749,0.33,0,0
CUST-1750,0.29,1,0
CUST-1751,0.2,0,0
CUST-1752,0.39,1,0
CUST-1753,0.28,0,0
CUST-1754,0.11,1,0
CUST-1755,0.26,0,0
CUST-1756,0.14,2,0
CUST-1757,0.46,1,1
CUST-1758,0.19,1,0
CUST-1759,0.53,2,4
CUST-1760,0.5,1,1
CUST-1761,0.14,0,0
CUST-1762,0.27,1,1
CUST-1763,0.44,1,0
CUST-1764,0.36,1,2
CUST-1765,0.61,2,5
CUST-1766,0.35,0,0
CUST-1767,0.32,1,0
CUST-1768,0.28,0,0
CUST-1769,0.33,0,0
CUST-1770,0.44,3,0
CUST-1771,0.31,2,0
CUST-1772,0.34,1,0
CUST-1773,0.2,1,0
CUST-1774,0.38,1,0
CUST-1775,0.11,2,0
CUST-1776,0.26,1,0
CUST-1777,0.25,0,0
CUST-1778,0.16,0,0
CUST-1779,0.47,2,2
CUST-1780,0.33,0,0
CUST-1781,0.3,3,0
CUST-1782,0.26,2,0
CUST-1783,0.29,1,0
CUST-1784,0.28,1,1
CUST-1785,0.26,1,0
CUST-1786,0.44,1,1
CUST-1787,0.21,2,0
CUST-1788,0.5,0,0
CUST-1789,0.25,0,0
CUST-1790,0.38,1,0
CUST-1791,0.11,1,0
CUST-1792,0.13,0,0
CUST-1793,0.13,1,0
CUST-1794,0.32,1,2
CUST-1795,0.11,1,0
CUST-1796,0.17,0,0
CUST-1797,0.36,1,0
CUST-1798,0.31,2,0
CUST-1799,0.46,1,1
CUST-1800,0.27,1,0
CUST-1801,0.12,1,0
CUST-1802,0.1,0,0
CUST-1803,0.23,0,0
CUST-1804,0.21,0,0
CUST-1805,0.3,0,0
CUST-1806,0.29,0,0
CUST-1807,0.33,2,0
CUST-1808,0.44,1,0
CUST-1809,0.29,1,1
CUST-1810,0.21,0,0
CUST-1811,0.18,0,0
CUST-1812,0.45,1,2
CUST-1813,0.1,1,0
CUST-1814,0.21,0,0
CUST-1815,0.37,3,0
CUST-1816,0.34,2,0
CUST-1817,0.21,1,0
CUST-1818,0.44,1,1
CUST-1819,0.41,0,1
CUST-1820,0.37,0,0
CUST-1821,0.13,1,0
CUST-1822,0.42,2,4
CUST-1823,0.42,1,2
CUST-1824,0.58,4,2
CUST-1825,0.19,0,0
CUST-1826,0.34,0,2
CUST-1827,0.48,1,1
CUST-1828,0.14,1,0
CUST-1829,0.29,1,0
CUST-1830,0.31,1,0
CUST-1831,0.33,1,0
CUST-1832,0.24,0,0
CUST-1833,0.31,1,0
CUST-1834,0.19,0,0
CUST-1835,0.18,0,0
CUST-1836,0.33,0,2
CUST-1837,0.15,0,0
CUST-1838,0.25,2,0
CUST-1839,0.5,3,3
CUST-1840,0.45,1,0
CUST-1841,0.25,1,0
CUST-1842,0.21,0,0
CUST-1843,0.32,0,0
CUST-1844,0.3,2,1
CUST-1845,0.42,1,1
CUST-1846,0.27,0,0
CUST-1847,0.11,1,0
CUST-1848,0.29,0,0
CUST-1849,0.43,1,1
CUST-1850,0.49,0,0
CUST-1851,0.34,0,0
CUST-1852,0.17,0,0
CUST-1853,0.13,0,0
CUST-1854,0.26,1,0
CUST-1855,0.31,1,0
CUST-1856,0.33,0,0
CUST-1857,0.44,1,1
CUST-1858,0.32,1,0
CUST-1859,0.18,1,0
CUST-1860,0.44,2,0
CUST-1861,0.27,0,0
CUST-1862,0.32,3,1
CUST-1863,0.19,0,0
CUST-1864,0.33,0,0
CUST-1865,0.49,1,0
CUST-1866,0.31,0,0
CUST-1867,0.25,0,0
CUST-1868,0.49,3,1
CUST-1869,0.27,0,1
CUST-1870,0.28,1,0
CUST-1871,0.13,1,0
CUST-1872,0.24,1,0
CUST-1873,0.35,1,1
CUST-1874,0.31,2,0
CUST-1875,0.47,2,0
CUST-1876,0.31,0,0
CUST-1877,0.22,0,0
CUST-1878,0.22,1,0
CUST-1879,0.26,1,0
CUST-1880,0.14,1,0
CUST-1881,0.44,3,0
CUST-1882,0.25,0,0
CUST-1883,0.66,2,1
CUST-1884,0.44,0,0
CUST-1885,0.52,1,2
CUST-1886,0.18,0,0
CUST-1887,0.11,2,0
CUST-1888,0.26,1,1
CUST-1889,0.33,0,0
CUST-1890,0.22,0,0
CUST-1891,0.24,0,0
CUST-1892,0.14,1,0
CUST-1893,0.4,0,0
CUST-1894,0.26,1,0
CUST-1895,0.5,2,0
CUST-1896,0.28,1,0
CUST-1897,0.29,0,0
CUST-1898,0.23,0,0
CUST-1899,0.26,1,0
CUST-1900,0.23,0,0
CUST-1901,0.25,0,0
CUST-1902,0.31,0,0
CUST-1903,0.34,1,0
CUST-1904,0.23,1,0
CUST-1905,0.26,2,2
CUST-1906,0.19,1,0
CUST-1907,0.29,0,0
CUST-1908,0.3,0,0
CUST-1909,0.26,0,0
CUST-1910,0.33,1,0
CUST-1911,0.32,1,0
CUST-1912,0.26,0,0
CUST-1913,0.19,1,0
CUST-1914,0.56,3,5
CUST-1915,0.17,0,0
CUST-1916,0.29,0,0
CUST-1917,0.14,0,0
CUST-1918,0.23,0,0
CUST-1919,0.29,1,0
CUST-1920,0.17,0,0
CUST-1921,0.55,1,1
CUST-1922,0.31,1,0
CUST-1923,0.44,0,0
CUST-1924,0.14,0,0
CUST-1925,0.24,0,0
CUST-1926,0.3,0,2
CUST-1927,0.25,1,0
CUST-1928,0.15,1,0
CUST-1929,0.4,0,0
CUST-1930,0.4,0,0
CUST-1931,0.16,1,0
CUST-1932,0.46,1,0
CUST-1933,0.28,1,0
CUST-1934,0.28,0,0
CUST-1935,0.29,0,0
CUST-1936,0.21,0,0
CUST-1937,0.24,1,0
CUST-1938,0.15,0,0
CUST-1939,0.32,0,1
CUST-1940,0.33,2,1
CUST-1941,0.18,1,0
CUST-1942,0.24,1,0
CUST-1943,0.29,1,0
CUST-1944,0.16,0,0
CUST-1945,0.45,3,1
CUST-1946,0.46,4,4
CUST-1947,0.29,1,0
CUST-1948,0.3,1,0
CUST-1949,0.43,1,0
CUST-1950,0.49,2,2
CUST-1951,0.11,0,0
CUST-1952,0.55,4,1
CUST-1953,0.11,0,0
CUST-1954,0.35,1,1
CUST-1955,0.27,3,0
CUST-1956,0.19,1,0
CUST-1957,0.11,0,0
CUST-1958,0.26,0,0
CUST-1959,0.3,1,0
CUST-1960,0.15,1,0
CUST-1961,0.43,1,0
CUST-1962,0.35,0,0
CUST-1963,0.13,0,0
CUST-1964,0.26,1,0
CUST-1965,0.43,3,0
CUST-1966,0.25,1,0
CUST-1967,0.13,1,0
CUST-1968,0.16,1,0
CUST-1969,0.38,1,0
CUST-1970,0.47,2,0
CUST-1971,0.33,0,0
CUST-1972,0.19,1,0
CUST-1973,0.44,2,0
CUST-1974,0.13,0,0
CUST-1975,0.25,1,0
CUST-1976,0.47,1,0
CUST-1977,0.25,1,0
CUST-1978,0.17,0,0
CUST-1979,0.43,1,0
CUST-1980,0.24,0,0
CUST-1981,0.59,3,2
CUST-1982,0.28,0,0
CUST-1983,0.2,1,0
CUST-1984,0.24,0,0
CUST-1985,0.31,0,0
CUST-1986,0.33,0,0
CUST-1987,0.65,2,4
CUST-1988,0.26,1,0
CUST-1989,0.49,3,2
CUST-1990,0.47,2,2
CUST-1991,0.22,1,0
CUST-1992,0.16,0,0
CUST-1993,0.34,0,0
CUST-1994,0.64,1,4
CUST-1995,0.12,0,0
CUST-1996,0.54,2,2
CUST-1997,0.31,0,0
CUST-1998,0.14,0,0
CUST-1999,0.25,1,0
CUST-2000,0.22,0,0
CUST-2001,0.1,0,0
CUST-2002,0.29,1,0
CUST-2003,0.22,0,0
CUST-2004,0.49,3,1
CUST-2005,0.12,1,0
CUST-2006,0.13,2,0
CUST-2007,0.28,1,1
CUST-2008,0.15,0,0
CUST-2009,0.17,1,0
CUST-2010,0.34,0,0
CUST-2011,0.17,1,0
CUST-2012,0.65,1,5
CUST-2013,0.29,0,0
CUST-2014,0.26,2,0
CUST-2015,0.49,0,0
CUST-2016,0.68,2,5
CUST-2017,0.14,0,0
CUST-2018,0.32,1,0
CUST-2019,0.26,1,0
CUST-2020,0.16,0,0
CUST-2021,0.47,2,3
CUST-2022,0.31,1,0
CUST-2023,0.23,1,0
CUST-2024,0.5,1,0
CUST-2025,0.68,3,1
CUST-2026,0.4,1,0
CUST-2027,0.22,0,0
CUST-2028,0.24,0,0
CUST-2029,0.39,1,1
CUST-2030,0.21,1,0
CUST-2031,0.29,0,0
CUST-2032,0.28,0,0
CUST-2033,0.31,1,0
CUST-2034,0.33,0,0
CUST-2035,0.35,1,0
CUST-2036,0.42,3,2
CUST-2037,0.68,3,1
CUST-2038,0.15,0,0
CUST-2039,0.29,0,0
CUST-2040,0.18,1,0
CUST-2041,0.46,2,1
CUST-2042,0.38,1,0
CUST-2043,0.33,0,0
CUST-2044,0.65,1,1
CUST-2045,0.17,0,0
CUST-2046,0.65,2,5
CUST-2047,0.31,1,0
CUST-2048,0.32,1,0
CUST-2049,0.19,1,0
CUST-2050,0.67,4,1
CUST-2051,0.2,0,0
CUST-2052,0.4,4,2
CUST-2053,0.12,1,0
CUST-2054,0.49,1,0
CUST-2055,0.49,1,2
CUST-2056,0.24,1,0
CUST-2057,0.32,0,0
CUST-2058,0.15,0,0
CUST-2059,0.32,3,0
CUST-2060,0.48,1,1
CUST-2061,0.17,1,0
CUST-2062,0.31,1,0
CUST-2063,0.29,1,0
CUST-2064,0.26,2,0
CUST-2065,0.21,0,0
CUST-2066,0.35,1,0
CUST-2067,0.39,1,0
CUST-2068,0.38,3,2
CUST-2069,0.24,0,0
CUST-2070,0.25,2,0
CUST-2071,0.35,1,0
CUST-2072,0.31,1,0
CUST-2073,0.1,0,0
CUST-2074,0.19,0,0
CUST-2075,0.14,0,0
CUST-2076,0.3,0,0
CUST-2077,0.17,1,0
CUST-2078,0.24,0,0
CUST-2079,0.44,2,0
CUST-2080,0.31,3,1
CUST-2081,0.46,0,0
CUST-2082,0.2,0,0
CUST-2083,0.39,0,2
CUST-2084,0.38,1,0
CUST-2085,0.27,1,0
CUST-2086,0.32,3,1
CUST-2087,0.42,0,0
CUST-2088,0.38,2,0
CUST-2089,0.2,0,0
CUST-2090,0.31,2,0
CUST-2091,0.34,0,0
CUST-2092,0.16,0,0
CUST-2093,0.26,0,0
CUST-2094,0.28,2,1
CUST-2095,0.18,0,0
CUST-2096,0.25,1,0
CUST-2097,0.39,3,1
CUST-2098,0.45,3,1
CUST-2099,0.26,0,0
CUST-2100,0.45,3,1
CUST-2101,0.3,1,0
CUST-2102,0.48,2,0
CUST-2103,0.11,1,0
CUST-2104,0.42,0,0
CUST-2105,0.28,0,0
CUST-2106,0.63,1,2
CUST-2107,0.34,2,0
CUST-2108,0.31,1,0
CUST-2109,0.34,0,0
CUST-2110,0.35,1,0
CUST-2111,0.14,0,0
CUST-2112,0.3,0,0
CUST-2113,0.22,0,0
CUST-2114,0.19,1,0
CUST-2115,0.31,1,0
CUST-2116,0.26,0,1
CUST-2117,0.21,1,0
CUST-2118,0.25,3,2
CUST-2119,0.21,0,0
CUST-2120,0.17,1,0
CUST-2121,0.11,1,0
CUST-2122,0.28,1,0
CUST-2123,0.32,0,0
CUST-2124,0.34,0,0
CUST-2125,0.23,0,0
CUST-2126,0.17,0,0
CUST-2127,0.44,2,2
CUST-2128,0.32,0,0
CUST-2129,0.24,1,0
CUST-2130,0.34,1,0
CUST-2131,0.3,1,0
CUST-2132,0.29,1,1
CUST-2133,0.27,2,0
CUST-2134,0.28,3,0
CUST-2135,0.25,1,0
CUST-2136,0.41,1,1
CUST-2137,0.18,1,0
CUST-2138,0.22,2,0
CUST-2139,0.38,0,2
CUST-2140,0.11,0,0
CUST-2141,0.16,0,0
CUST-2142,0.26,1,0
CUST-2143,0.16,0,0
CUST-2144,0.1,0,0
CUST-2145,0.47,3,1
CUST-2146,0.36,1,0
CUST-2147,0.27,0,0
CUST-2148,0.44,2,0
CUST-2149,0.28,1,0
CUST-2150,0.34,0,0
CUST-2151,0.11,1,0
CUST-2152,0.49,1,1
CUST-2153,0.26,1,0
CUST-2154,0.32,1,0
CUST-2155,0.3,1,0
CUST-2156,0.34,0,0
CUST-2157,0.64,3,4
CUST-2158,0.17,1,0
CUST-2159,0.37,2,0
CUST-2160,0.45,3,0
CUST-2161,0.14,1,0
CUST-2162,0.43,1,0
CUST-2163,0.16,1,0
CUST-2164,0.26,2,0
CUST-2165,0.18,0,0
CUST-2166,0.26,2,0
CUST-2167,0.26,1,1
CUST-2168,0.29,0,0
CUST-2169,0.1,0,0
CUST-2170,0.44,1,3
CUST-2171,0.22,1,0
CUST-2172,0.32,2,0
CUST-2173,0.29,0,0
CUST-2174,0.63,2,2
CUST-2175,0.19,1,0
CUST-2176,0.5,1,1
CUST-2177,0.44,1,1
CUST-2178,0.54,3,5
CUST-2179,0.15,0,0
CUST-2180,0.27,1,0
CUST-2181,0.34,0,0
CUST-2182,0.22,1,0
CUST-2183,0.11,1,0
CUST-2184,0.26,1,0
CUST-2185,0.31,1,0
CUST-2186,0.21,0,0
CUST-2187,0.25,0,1
CUST-2188,0.27,1,0
CUST-2189,0.17,1,0
CUST-2190,0.46,1,4
CUST-2191,0.14,0,0
CUST-2192,0.45,2,0
CUST-2193,0.61,2,3
CUST-2194,0.38,3,0
CUST-2195,0.26,0,0
CUST-2196,0.4,1,1
CUST-2197,0.32,1,1
CUST-2198,0.12,0,0
CUST-2199,0.11,1,0
CUST-2200,0.33,0,1
CUST-2201,0.29,1,0
CUST-2202,0.44,0,0
CUST-2203,0.2,2,0
CUST-2204,0.33,1,1
CUST-2205,0.62,2,2
CUST-2206,0.13,1,0
CUST-2207,0.35,1,2
CUST-2208,0.39,2,0
CUST-2209,0.45,3,2
CUST-2210,0.49,3,0
CUST-2211,0.29,2,1
CUST-2212,0.31,1,0
CUST-2213,0.41,1,1
CUST-2214,0.28,0,0
CUST-2215,0.25,1,0
CUST-2216,0.37,3,0
CUST-2217,0.17,0,0
CUST-2218,0.47,2,2
CUST-2219,0.28,1,0
CUST-2220,0.35,0,1
CUST-2221,0.3,2,0
CUST-2222,0.16,2,0
CUST-2223,0.23,1,0
CUST-2224,0.27,0,0
CUST-2225,0.29,2,0
CUST-2226,0.46,1,1
CUST-2227,0.26,0,0
CUST-2228,0.27,2,0
CUST-2229,0.23,0,0
CUST-2230,0.21,1,0
CUST-2231,0.26,0,0
CUST-2232,0.39,1,2
CUST-2233,0.11,1,0
CUST-2234,0.27,0,0
CUST-2235,0.5,2,2
CUST-2236,0.17,0,0
CUST-2237,0.38,2,0
CUST-2238,0.15,1,0
CUST-2239,0.29,1,0
CUST-2240,0.31,1,0
CUST-2241,0.1,1,0
CUST-2242,0.17,1,0
CUST-2243,0.23,0,0
CUST-2244,0.33,1,0
CUST-2245,0.17,1,0
CUST-2246,0.11,2,0
CUST-2247,0.7,3,2
CUST-2248,0.36,1,2
CUST-2249,0.29,1,0
CUST-2250,0.24,0,0
CUST-2251,0.33,0,0
CUST-2252,0.47,1,0
CUST-2253,0.31,1,0
CUST-2254,0.14,1,0
CUST-2255,0.23,0,0
CUST-2256,0.12,0,0
CUST-2257,0.26,0,0
CUST-2258,0.29,0,0
CUST-2259,0.16,0,0
CUST-2260,0.18,1,0
CUST-2261,0.2,0,0
CUST-2262,0.46,0,0
CUST-2263,0.36,0,0
CUST-2264,0.2,0,0
CUST-2265,0.25,3,0
CUST-2266,0.12,1,0
CUST-2267,0.47,1,1
CUST-2268,0.35,0,0
CUST-2269,0.21,0,0
CUST-2270,0.38,0,0
CUST-2271,0.21,1,0
CUST-2272,0.17,0,0
CUST-2273,0.2,0,0
CUST-2274,0.26,1,0
CUST-2275,0.51,1,2
CUST-2276,0.33,0,0
CUST-2277,0.23,1,0
CUST-2278,0.1,0,0
CUST-2279,0.49,0,0
CUST-2280,0.26,1,0
CUST-2281,0.5,2,2
CUST-2282,0.34,1,0
CUST-2283,0.29,0,0
CUST-2284,0.16,1,0
CUST-2285,0.37,1,2
CUST-2286,0.11,1,0
CUST-2287,0.44,1,0
CUST-2288,0.21,2,0
CUST-2289,0.47,1,0
CUST-2290,0.22,2,0
CUST-2291,0.43,0,2
CUST-2292,0.24,1,0
CUST-2293,0.25,0,0
CUST-2294,0.38,3,0
CUST-2295,0.17,0,0
CUST-2296,0.36,3,0
CUST-2297,0.28,2,0
CUST-2298,0.13,0,0
CUST-2299,0.1,0,0
CUST-2300,0.34,0,0
CUST-2301,0.16,2,0
CUST-2302,0.22,2,0
CUST-2303,0.37,1,0
CUST-2304,0.24,1,0
CUST-2305,0.23,1,0
CUST-2306,0.29,0,0
CUST-2307,0.34,1,0
CUST-2308,0.33,1,0
CUST-2309,0.28,0,0
CUST-2310,0.19,1,0
CUST-2311,0.33,1,0
CUST-2312,0.32,0,0
CUST-2313,0.32,1,1
CUST-2314,0.24,1,0
CUST-2315,0.29,1,0
CUST-2316,0.16,2,0
CUST-2317,0.47,2,1
CUST-2318,0.59,4,3
CUST-2319,0.18,1,0
CUST-2320,0.13,0,0
CUST-2321,0.14,0,0
CUST-2322,0.33,0,0
CUST-2323,0.49,2,0
CUST-2324,0.22,1,0
CUST-2325,0.32,0,0
CUST-2326,0.58,3,3
CUST-2327,0.26,0,0
CUST-2328,0.24,0,0
CUST-2329,0.21,2,0
CUST-2330,0.22,0,0
CUST-2331,0.44,1,0
CUST-2332,0.34,1,0
CUST-2333,0.45,1,1
CUST-2334,0.43,4,2
CUST-2335,0.34,0,0
CUST-2336,0.14,0,0
CUST-2337,0.29,0,0
CUST-2338,0.65,2,5
CUST-2339,0.29,0,0
CUST-2340,0.31,1,1
CUST-2341,0.27,1,0
CUST-2342,0.29,2,0
CUST-2343,0.49,1,1
CUST-2344,0.42,1,1
CUST-2345,0.33,1,0
CUST-2346,0.63,2,1
CUST-2347,0.5,2,2
CUST-2348,0.33,0,0
CUST-2349,0.42,3,0
CUST-2350,0.31,2,1
CUST-2351,0.21,1,0
CUST-2352,0.12,0,0
CUST-2353,0.52,2,1
CUST-2354,0.28,1,0
CUST-2355,0.32,2,1
CUST-2356,0.35,1,0
CUST-2357,0.29,1,0
CUST-2358,0.19,1,0
CUST-2359,0.19,0,0
CUST-2360,0.27,2,0
CUST-2361,0.34,1,0
CUST-2362,0.28,1,0
CUST-2363,0.38,2,2
CUST-2364,0.29,0,1
CUST-2365,0.69,2,2
CUST-2366,0.32,1,0
CUST-2367,0.35,0,0
CUST-2368,0.27,1,0
CUST-2369,0.58,2,4
CUST-2370,0.4,3,0
CUST-2371,0.29,1,0
CUST-2372,0.45,1,0
CUST-2373,0.1,0,0
CUST-2374,0.5,2,5
CUST-2375,0.19,0,0
CUST-2376,0.5,2,1
CUST-2377,0.26,1,0
CUST-2378,0.34,1,0
CUST-2379,0.32,2,0
CUST-2380,0.23,1,0
CUST-2381,0.21,0,0
CUST-2382,0.31,0,0
CUST-2383,0.25,0,0
CUST-2384,0.25,0,0
CUST-2385,0.25,0,0
CUST-2386,0.11,1,0
CUST-2387,0.26,0,0
CUST-2388,0.15,0,0
CUST-2389,0.34,0,1
CUST-2390,0.39,2,1
CUST-2391,0.31,1,0
CUST-2392,0.63,1,2
CUST-2393,0.34,0,0
CUST-2394,0.41,2,3
CUST-2395,0.16,1,0
CUST-2396,0.19,0,0
CUST-2397,0.49,2,0
CUST-2398,0.43,1,1
CUST-2399,0.35,0,0
CUST-2400,0.26,0,0
CUST-2401,0.27,0,0
CUST-2402,0.33,2,0
CUST-2403,0.29,1,0
CUST-2404,0.2,1,0
CUST-2405,0.2,1,0
CUST-2406,0.22,0,0
CUST-2407,0.26,0,0
CUST-2408,0.48,1,1
CUST-2409,0.34,0,0
CUST-2410,0.27,0,0
CUST-2411,0.66,2,5
CUST-2412,0.3,1,0
CUST-2413,0.25,0,0
CUST-2414,0.16,0,0
CUST-2415,0.23,1,0
CUST-2416,0.31,0,0
CUST-2417,0.19,1,0
CUST-2418,0.34,1,0
CUST-2419,0.18,0,0
CUST-2420,0.25,2,0
CUST-2421,0.58,3,2
CUST-2422,0.25,0,0
CUST-2423,0.29,1,0
CUST-2424,0.17,1,0
CUST-2425,0.28,1,0
CUST-2426,0.15,0,0
CUST-2427,0.32,0,0
CUST-2428,0.23,2,0
CUST-2429,0.34,1,0
CUST-2430,0.37,1,0
CUST-2431,0.19,1,0
CUST-2432,0.31,0,0
CUST-2433,0.19,0,0
CUST-2434,0.49,1,1
CUST-2435,0.68,2,2
CUST-2436,0.33,0,0
CUST-2437,0.25,1,0
CUST-2438,0.28,0,0
CUST-2439,0.27,1,0
CUST-2440,0.27,1,0
CUST-2441,0.16,1,0
CUST-2442,0.32,0,0
CUST-2443,0.43,3,0
CUST-2444,0.23,2,0
CUST-2445,0.16,1,0
CUST-2446,0.48,1,0
CUST-2447,0.15,0,0
CUST-2448,0.33,0,0
CUST-2449,0.28,0,2
CUST-2450,0.27,1,2
CUST-2451,0.24,0,0
CUST-2452,0.52,2,3
CUST-2453,0.27,1,0
CUST-2454,0.34,1,1
CUST-2455,0.29,2,0
CUST-2456,0.43,3,0
CUST-2457,0.33,0,0
CUST-2458,0.68,3,3
CUST-2459,0.32,2,0
CUST-2460,0.2,0,0
CUST-2461,0.48,2,2
CUST-2462,0.48,1,1
CUST-2463,0.17,2,0
CUST-2464,0.41,3,2
CUST-2465,0.36,1,0
CUST-2466,0.29,2,0
CUST-2467,0.41,2,1
CUST-2468,0.22,1,0
CUST-2469,0.15,0,0
CUST-2470,0.48,1,1
CUST-2471,0.26,2,0
CUST-2472,0.26,1,0
CUST-2473,0.2,0,0
CUST-2474,0.45,0,0
CUST-2475,0.41,2,1
CUST-2476,0.27,0,0
CUST-2477,0.29,0,0
CUST-2478,0.29,0,2
CUST-2479,0.5,0,0
CUST-2480,0.23,0,0
CUST-2481,0.26,0,1
CUST-2482,0.19,0,0
CUST-2483,0.2,1,0
CUST-2484,0.35,1,2
CUST-2485,0.39,1,0
CUST-2486,0.44,2,1
CUST-2487,0.24,0,0
CUST-2488,0.13,0,0
CUST-2489,0.32,1,0
CUST-2490,0.35,2,0
CUST-2491,0.49,1,0
CUST-2492,0.47,1,1
CUST-2493,0.1,1,0
CUST-2494,0.42,4,2
CUST-2495,0.13,0,0
CUST-2496,0.11,0,0
CUST-2497,0.2,0,0
CUST-2498,0.25,1,0
CUST-2499,0.28,2,1
CUST-2500,0.34,0,0
CUST-2501,0.19,0,0
CUST-2502,0.36,2,2
CUST-2503,0.29,2,0
CUST-2504,0.19,0,0
CUST-2505,0.32,0,1
CUST-2506,0.32,1,0
CUST-2507,0.37,1,0
CUST-2508,0.16,1,0
CUST-2509,0.13,0,0
CUST-2510,0.15,1,0
CUST-2511,0.29,1,0
CUST-2512,0.21,0,0
CUST-2513,0.2,0,0
CUST-2514,0.16,1,0
CUST-2515,0.1,0,0
CUST-2516,0.49,1,0
CUST-2517,0.39,1,0
CUST-2518,0.28,0,2
CUST-2519,0.28,0,0
CUST-2520,0.48,0,0
CUST-2521,0.19,2,0
CUST-2522,0.26,1,0
CUST-2523,0.18,1,0
CUST-2524,0.44,2,0
CUST-2525,0.31,0,0
CUST-2526,0.41,2,0
CUST-2527,0.22,1,0
CUST-2528,0.25,0,0
CUST-2529,0.29,1,1
CUST-2530,0.47,3,0
CUST-2531,0.27,1,0
CUST-2532,0.26,1,0
CUST-2533,0.6,3,3
CUST-2534,0.19,1,0
CUST-2535,0.39,1,0
CUST-2536,0.15,0,0
CUST-2537,0.33,1,0
CUST-2538,0.27,0,0
CUST-2539,0.3,1,0
CUST-2540,0.22,1,0
CUST-2541,0.28,1,0
CUST-2542,0.34,1,0
CUST-2543,0.1,1,0
CUST-2544,0.15,1,0
CUST-2545,0.43,1,1
CUST-2546,0.41,1,3
CUST-2547,0.13,1,0
CUST-2548,0.11,0,0
CUST-2549,0.48,3,0
CUST-2550,0.31,1,0
CUST-2551,0.17,0,0
CUST-2552,0.37,3,0
CUST-2553,0.22,0,0
CUST-2554,0.3,2,0
CUST-2555,0.21,1,0
CUST-2556,0.19,1,0
CUST-2557,0.3,2,0
CUST-2558,0.65,2,1
CUST-2559,0.33,0,0
CUST-2560,0.23,0,0
CUST-2561,0.24,1,0
CUST-2562,0.18,0,0
CUST-2563,0.16,1,0
CUST-2564,0.16,1,0
CUST-2565,0.34,0,0
CUST-2566,0.46,1,0
CUST-2567,0.12,1,0
CUST-2568,0.2,0,0
CUST-2569,0.32,0,0
CUST-2570,0.17,1,0
CUST-2571,0.36,3,1
CUST-2572,0.32,3,2
CUST-2573,0.2,0,0
CUST-2574,0.28,0,0
CUST-2575,0.26,0,0
CUST-2576,0.29,0,0
CUST-2577,0.24,1,0
CUST-2578,0.47,2,4
CUST-2579,0.26,0,0
CUST-2580,0.18,0,0
CUST-2581,0.42,1,4
CUST-2582,0.22,0,0
CUST-2583,0.19,0,0
CUST-2584,0.3,2,0
CUST-2585,0.48,1,1
CUST-2586,0.32,1,0
CUST-2587,0.26,1,0
CUST-2588,0.44,1,0
CUST-2589,0.26,1,0
CUST-2590,0.35,1,1
CUST-2591,0.45,1,1
CUST-2592,0.34,3,0
CUST-2593,0.18,1,0
CUST-2594,0.19,0,0
CUST-2595,0.29,0,0
CUST-2596,0.22,0,0
CUST-2597,0.46,1,2
CUST-2598,0.23,0,0
CUST-2599,0.52,1,3
CUST-2600,0.13,1,0
CUST-2601,0.47,2,1
CUST-2602,0.42,2,2
CUST-2603,0.21,1,0
CUST-2604,0.11,0,0
CUST-2605,0.15,0,0
CUST-2606,0.29,1,0
CUST-2607,0.32,0,0
CUST-2608,0.11,1,0
CUST-2609,0.15,1,0
CUST-2610,0.27,1,0
CUST-2611,0.27,1,0
CUST-2612,0.48,1,0
CUST-2613,0.26,1,0
CUST-2614,0.66,1,5
CUST-2615,0.33,1,0
CUST-2616,0.35,1,0
CUST-2617,0.24,0,0
CUST-2618,0.29,1,0
CUST-2619,0.29,3,0
CUST-2620,0.15,1,0
CUST-2621,0.33,1,0
CUST-2622,0.17,0,0
CUST-2623,0.31,1,0
CUST-2624,0.31,0,0
CUST-2625,0.13,1,0
CUST-2626,0.15,0,0
CUST-2627,0.43,1,1
CUST-2628,0.29,1,0
CUST-2629,0.32,0,0
CUST-2630,0.21,0,0
CUST-2631,0.46,0,0
CUST-2632,0.33,1,0
CUST-2633,0.17,0,0
CUST-2634,0.16,0,0
CUST-2635,0.35,1,0
CUST-2636,0.14,0,0
CUST-2637,0.2,0,0
CUST-2638,0.32,0,1
CUST-2639,0.24,0,0
CUST-2640,0.1,1,0
CUST-2641,0.18,1,0
CUST-2642,0.27,0,0
CUST-2643,0.13,0,0
CUST-2644,0.32,3,0
CUST-2645,0.45,1,4
CUST-2646,0.34,2,0
CUST-2647,0.33,0,0
CUST-2648,0.12,1,0
CUST-2649,0.24,1,0
CUST-2650,0.19,1,0
CUST-2651,0.26,2,1
CUST-2652,0.22,1,0
CUST-2653,0.42,1,1
CUST-2654,0.22,0,0
CUST-2655,0.25,0,0
CUST-2656,0.39,1,0
CUST-2657,0.38,1,0
CUST-2658,0.28,2,0
CUST-2659,0.19,2,0
CUST-2660,0.47,1,1
CUST-2661,0.26,1,0
CUST-2662,0.43,2,2
CUST-2663,0.22,1,0
CUST-2664,0.18,0,0
CUST-2665,0.26,1,0
CUST-2666,0.18,0,0
CUST-2667,0.17,1,0
CUST-2668,0.35,1,0
CUST-2669,0.28,0,0
CUST-2670,0.31,0,0
CUST-2671,0.54,2,3
CUST-2672,0.34,0,0
CUST-2673,0.33,1,0
CUST-2674,0.38,1,0
CUST-2675,0.31,0,0
CUST-2676,0.13,0,0
CUST-2677,0.12,0,0
CUST-2678,0.33,0,0
CUST-2679,0.43,1,1
CUST-2680,0.29,1,0
CUST-2681,0.34,2,2
CUST-2682,0.12,0,0
CUST-2683,0.27,1,0
CUST-2684,0.23,0,0
CUST-2685,0.12,0,0
CUST-2686,0.1,0,0
CUST-2687,0.16,0,0
CUST-2688,0.28,1,0
CUST-2689,0.33,2,2
CUST-2690,0.2,1,0
CUST-2691,0.44,1,0
CUST-2692,0.39,1,0
CUST-2693,0.2,1,0
CUST-2694,0.39,1,0
CUST-2695,0.31,3,0
CUST-2696,0.22,0,0
CUST-2697,0.12,1,0
CUST-2698,0.31,0,2
CUST-2699,0.43,2,0
CUST-2700,0.15,1,0
CUST-2701,0.3,1,0
CUST-2702,0.27,2,0
CUST-2703,0.26,3,0
CUST-2704,0.41,1,0
CUST-2705,0.46,3,0
CUST-2706,0.32,0,0
CUST-2707,0.3,0,0
CUST-2708,0.16,0,0
CUST-2709,0.64,1,2
CUST-2710,0.32,1,0
CUST-2711,0.15,0,0
CUST-2712,0.29,1,1
CUST-2713,0.32,0,0
CUST-2714,0.14,0,0
CUST-2715,0.13,0,0
CUST-2716,0.33,0,1
CUST-2717,0.29,3,1
CUST-2718,0.35,1,0
CUST-2719,0.21,2,0
CUST-2720,0.27,1,0
CUST-2721,0.42,1,0
CUST-2722,0.29,0,0
CUST-2723,0.43,1,1
CUST-2724,0.27,0,2
CUST-2725,0.33,0,0
CUST-2726,0.49,0,1
CUST-2727,0.45,0,2
CUST-2728,0.18,0,0
CUST-2729,0.24,0,0
CUST-2730,0.24,0,0
CUST-2731,0.27,1,0
CUST-2732,0.29,2,0
CUST-2733,0.26,1,1
CUST-2734,0.27,0,0
CUST-2735,0.1,2,0
CUST-2736,0.33,1,0
CUST-2737,0.32,1,0
CUST-2738,0.32,1,0
CUST-2739,0.68,3,2
CUST-2740,0.31,1,0
CUST-2741,0.16,0,0
CUST-2742,0.14,2,0
CUST-2743,0.45,2,0
CUST-2744,0.11,0,0
CUST-2745,0.14,0,0
CUST-2746,0.19,1,0
CUST-2747,0.11,1,0
CUST-2748,0.35,1,0
CUST-2749,0.25,0,0
CUST-2750,0.25,0,0
CUST-2751,0.38,2,0
CUST-2752,0.3,0,0
CUST-2753,0.21,0,0
CUST-2754,0.17,0,0
CUST-2755,0.34,1,0
CUST-2756,0.19,0,0
CUST-2757,0.35,2,1
CUST-2758,0.26,0,0
CUST-2759,0.32,0,0
CUST-2760,0.31,1,0
CUST-2761,0.32,1,0
CUST-2762,0.34,0,0
CUST-2763,0.22,0,0
CUST-2764,0.33,0,0
CUST-2765,0.27,1,2
CUST-2766,0.21,0,0
CUST-2767,0.11,1,0
CUST-2768,0.2,1,0
CUST-2769,0.21,0,0
CUST-2770,0.47,1,5
CUST-2771,0.25,0,0
CUST-2772,0.38,0,0
CUST-2773,0.15,0,0
CUST-2774,0.19,0,0
CUST-2775,0.45,3,0
CUST-2776,0.2,2,0
CUST-2777,0.34,1,0
CUST-2778,0.14,0,0
CUST-2779,0.49,0,0
CUST-2780,0.15,0,0
CUST-2781,0.11,2,0
CUST-2782,0.45,1,0
CUST-2783,0.26,0,1
CUST-2784,0.59,1,1
CUST-2785,0.13,0,0
CUST-2786,0.12,0,0
CUST-2787,0.47,3,2
CUST-2788,0.44,2,0
CUST-2789,0.33,2,0
CUST-2790,0.34,1,0
CUST-2791,0.12,0,0
CUST-2792,0.33,1,0
CUST-2793,0.24,0,0
CUST-2794,0.14,0,0
CUST-2795,0.14,2,0
CUST-2796,0.37,2,1
CUST-2797,0.44,2,0
CUST-2798,0.45,2,0
CUST-2799,0.18,1,0
CUST-2800,0.34,1,0
CUST-2801,0.17,1,0
CUST-2802,0.2,1,0
CUST-2803,0.11,1,0
CUST-2804,0.45,1,2
CUST-2805,0.33,1,0
CUST-2806,0.33,1,0
CUST-2807,0.15,0,0
CUST-2808,0.3,0,0
CUST-2809,0.25,1,0
CUST-2810,0.24,1,0
CUST-2811,0.48,1,1
CUST-2812,0.31,0,0
CUST-2813,0.14,0,0
CUST-2814,0.35,2,1
CUST-2815,0.34,0,0
CUST-2816,0.26,0,0
CUST-2817,0.12,2,0
CUST-2818,0.31,2,1
CUST-2819,0.28,2,0
CUST-2820,0.12,0,0
CUST-2821,0.11,1,0
CUST-2822,0.41,3,0
CUST-2823,0.1,1,0
CUST-2824,0.39,2,1
CUST-2825,0.37,0,0
CUST-2826,0.14,1,0
CUST-2827,0.2,0,0
CUST-2828,0.55,1,2
CUST-2829,0.29,1,0
CUST-2830,0.32,1,0
CUST-2831,0.27,0,0
CUST-2832,0.31,2,0
CUST-2833,0.14,1,0
CUST-2834,0.66,2,5
CUST-2835,0.21,1,0
CUST-2836,0.17,0,0
CUST-2837,0.31,2,0
CUST-2838,0.16,1,0
CUST-2839,0.18,1,0
CUST-2840,0.16,0,0
CUST-2841,0.13,0,0
CUST-2842,0.26,1,0
CUST-2843,0.31,1,0
CUST-2844,0.27,1,0
CUST-2845,0.28,0,0
CUST-2846,0.15,0,0
CUST-2847,0.14,1,0
CUST-2848,0.28,0,0
CUST-2849,0.35,1,0
CUST-2850,0.29,1,0
CUST-2851,0.28,3,1
CUST-2852,0.35,1,0
CUST-2853,0.25,1,0
CUST-2854,0.34,0,0
CUST-2855,0.53,2,2
CUST-2856,0.36,1,0
CUST-2857,0.45,1,2
CUST-2858,0.24,0,0
CUST-2859,0.46,1,4
CUST-2860,0.27,0,0
CUST-2861,0.49,1,2
CUST-2862,0.27,1,0
CUST-2863,0.17,1,0
CUST-2864,0.33,2,0
CUST-2865,0.63,3,1
CUST-2866,0.48,2,1
CUST-2867,0.13,0,0
CUST-2868,0.19,1,0
CUST-2869,0.32,0,0
CUST-2870,0.69,2,2
CUST-2871,0.16,1,0
CUST-2872,0.27,2,0
CUST-2873,0.29,0,0
CUST-2874,0.1,1,0
CUST-2875,0.21,0,0
CUST-2876,0.33,1,2
CUST-2877,0.47,2,1
CUST-2878,0.22,2,0
CUST-2879,0.4,2,0
CUST-2880,0.45,2,0
CUST-2881,0.31,0,0
CUST-2882,0.18,1,0
CUST-2883,0.23,0,0
CUST-2884,0.44,1,2
CUST-2885,0.19,1,0
CUST-2886,0.28,1,0
CUST-2887,0.58,2,3
CUST-2888,0.52,4,4
CUST-2889,0.11,0,0
CUST-2890,0.13,0,0
CUST-2891,0.11,1,0
CUST-2892,0.29,0,0
CUST-2893,0.46,2,0
CUST-2894,0.39,2,0
CUST-2895,0.44,1,4
CUST-2896,0.36,0,0
CUST-2897,0.23,0,0
CUST-2898,0.31,0,0
CUST-2899,0.44,1,1
CUST-2900,0.12,2,0
CUST-2901,0.32,2,0
CUST-2902,0.26,0,1
CUST-2903,0.28,1,0
CUST-2904,0.21,2,0
CUST-2905,0.63,3,4
CUST-2906,0.48,1,0
CUST-2907,0.27,2,0
CUST-2908,0.3,1,0
CUST-2909,0.22,1,0
CUST-2910,0.22,0,0
CUST-2911,0.49,3,2
CUST-2912,0.47,2,0
CUST-2913,0.34,1,1
CUST-2914,0.41,0,2
CUST-2915,0.32,1,0
CUST-2916,0.1,0,0
CUST-2917,0.2,1,0
CUST-2918,0.23,0,0
CUST-2919,0.34,0,0
CUST-2920,0.47,1,2
CUST-2921,0.43,1,0
CUST-2922,0.55,3,2
CUST-2923,0.38,1,1
CUST-2924,0.22,0,0
CUST-2925,0.25,1,0
CUST-2926,0.51,2,4
CUST-2927,0.24,1,0
CUST-2928,0.29,1,0
CUST-2929,0.12,1,0
CUST-2930,0.17,1,0
CUST-2931,0.34,0,1
CUST-2932,0.24,0,0
CUST-2933,0.18,0,0
CUST-2934,0.26,1,0
CUST-2935,0.33,0,0
CUST-2936,0.14,0,0
CUST-2937,0.3,0,0
CUST-2938,0.27,1,0
CUST-2939,0.13,0,0
CUST-2940,0.42,2,2
CUST-2941,0.22,0,0
CUST-2942,0.11,1,0
CUST-2943,0.34,1,0
CUST-2944,0.32,0,0
CUST-2945,0.14,0,0
CUST-2946,0.28,1,0
CUST-2947,0.13,1,0
CUST-2948,0.49,1,0
CUST-2949,0.38,1,0
CUST-2950,0.22,0,0
CUST-2951,0.26,0,1
CUST-2952,0.25,1,0
CUST-2953,0.15,0,0
CUST-2954,0.33,0,0
CUST-2955,0.41,1,0
CUST-2956,0.3,0,1
CUST-2957,0.27,1,0
CUST-2958,0.12,0,0
CUST-2959,0.12,1,0
CUST-2960,0.32,0,0
CUST-2961,0.22,1,0
CUST-2962,0.33,0,0
CUST-2963,0.32,0,1
CUST-2964,0.45,1,2
CUST-2965,0.3,0,0
CUST-2966,0.41,0,0
CUST-2967,0.33,0,0
CUST-2968,0.24,0,0
CUST-2969,0.17,1,0
CUST-2970,0.34,0,0
CUST-2971,0.32,1,0
CUST-2972,0.32,3,0
CUST-2973,0.28,1,0
CUST-2974,0.18,1,0
CUST-2975,0.45,1,0
CUST-2976,0.3,2,0
CUST-2977,0.45,1,1
CUST-2978,0.29,1,0
CUST-2979,0.31,3,1
CUST-2980,0.44,1,2
CUST-2981,0.24,1,0
CUST-2982,0.11,1,0
CUST-2983,0.43,1,0
CUST-2984,0.33,1,0
CUST-2985,0.24,1,0
CUST-2986,0.49,1,2
CUST-2987,0.33,0,0
CUST-2988,0.33,1,0
CUST-2989,0.39,2,0
CUST-2990,0.11,0,0
CUST-2991,0.29,0,0
CUST-2992,0.28,1,2
CUST-2993,0.32,0,0
CUST-2994,0.26,2,1
CUST-2995,0.29,1,0
CUST-2996,0.37,1,0
CUST-2997,0.19,1,0
CUST-2998,0.24,1,0
CUST-2999,0.34,2,0
CUST-3000,0.31,1,0
CUST-3001,0.27,0,0
CUST-3002,0.42,0,1
CUST-3003,0.16,0,0
CUST-3004,0.48,1,0
CUST-3005,0.28,0,0
CUST-3006,0.38,1,0
CUST-3007,0.42,2,3
CUST-3008,0.2,0,0
CUST-3009,0.17,0,0
CUST-3010,0.46,1,0
CUST-3011,0.14,0,0
CUST-3012,0.46,1,1
CUST-3013,0.2,1,0
CUST-3014,0.26,0,0
CUST-3015,0.3,2,0
CUST-3016,0.47,0,1
CUST-3017,0.54,2,4
CUST-3018,0.24,2,0
CUST-3019,0.29,1,0
CUST-3020,0.15,0,0
CUST-3021,0.19,0,0
CUST-3022,0.28,0,0
CUST-3023,0.41,2,1
CUST-3024,0.22,0,0
CUST-3025,0.15,0,0
CUST-3026,0.19,0,0
CUST-3027,0.34,0,0
CUST-3028,0.48,1,0
CUST-3029,0.17,1,0
CUST-3030,0.13,0,0
CUST-3031,0.24,0,0
CUST-3032,0.38,1,0
CUST-3033,0.2,2,0
CUST-3034,0.25,0,0
CUST-3035,0.13,0,0
CUST-3036,0.22,1,0
CUST-3037,0.34,1,0
CUST-3038,0.11,0,0
CUST-3039,0.2,0,0
CUST-3040,0.13,0,0
CUST-3041,0.3,0,0
CUST-3042,0.49,1,0
CUST-3043,0.33,1,0
CUST-3044,0.45,1,1
CUST-3045,0.5,1,1
CUST-3046,0.21,0,0
CUST-3047,0.49,2,2
CUST-3048,0.32,1,0
CUST-3049,0.29,0,0
CUST-3050,0.42,2,1
CUST-3051,0.18,0,0
CUST-3052,0.41,2,0
CUST-3053,0.26,0,0
CUST-3054,0.34,1,0
CUST-3055,0.27,2,0
CUST-3056,0.28,2,0
CUST-3057,0.31,1,1
CUST-3058,0.38,0,1
CUST-3059,0.39,1,2
CUST-3060,0.23,1,0
CUST-3061,0.23,1,0
CUST-3062,0.32,3,1
CUST-3063,0.28,0,0
CUST-3064,0.47,1,1
CUST-3065,0.31,1,0
CUST-3066,0.26,1,1
CUST-3067,0.12,1,0
CUST-3068,0.18,1,0
CUST-3069,0.3,1,0
CUST-3070,0.34,2,0
CUST-3071,0.22,1,0
CUST-3072,0.3,0,0
CUST-3073,0.14,1,0
CUST-3074,0.27,0,0
CUST-3075,0.46,2,0
CUST-3076,0.45,1,1
CUST-3077,0.43,1,0
CUST-3078,0.33,1,0
CUST-3079,0.14,0,0
CUST-3080,0.36,0,0
CUST-3081,0.31,1,0
CUST-3082,0.35,1,0
CUST-3083,0.15,0,0
CUST-3084,0.32,0,0
CUST-3085,0.2,1,0
CUST-3086,0.15,1,0
CUST-3087,0.61,2,4
CUST-3088,0.38,3,0
CUST-3089,0.24,2,0
CUST-3090,0.22,1,0
CUST-3091,0.34,2,0
CUST-3092,0.3,1,0
CUST-3093,0.33,0,0
CUST-3094,0.1,1,0
CUST-3095,0.35,1,1
CUST-3096,0.3,0,0
CUST-3097,0.26,3,0
CUST-3098,0.32,0,0
CUST-3099,0.16,0,0
CUST-3100,0.48,1,0
CUST-3101,0.22,0,0
CUST-3102,0.2,2,0
CUST-3103,0.26,0,0
CUST-3104,0.19,0,0
CUST-3105,0.13,0,0
CUST-3106,0.15,0,0
CUST-3107,0.3,0,0
CUST-3108,0.25,1,0
CUST-3109,0.33,0,0
CUST-3110,0.23,0,0
CUST-3111,0.28,1,0
CUST-3112,0.13,0,0
CUST-3113,0.35,0,0
CUST-3114,0.47,0,1
CUST-3115,0.3,0,0
CUST-3116,0.33,0,0
CUST-3117,0.17,1,0
CUST-3118,0.59,2,5
CUST-3119,0.29,0,0
CUST-3120,0.22,0,0
CUST-3121,0.13,0,0
CUST-3122,0.13,1,0
CUST-3123,0.29,0,0
CUST-3124,0.34,0,0
CUST-3125,0.32,0,0
CUST-3126,0.35,1,0
CUST-3127,0.44,1,0
CUST-3128,0.17,1,0
CUST-3129,0.3,1,0
CUST-3130,0.12,0,0
CUST-3131,0.6,1,2
CUST-3132,0.36,0,0
CUST-3133,0.14,0,0
CUST-3134,0.11,0,0
CUST-3135,0.32,1,0
CUST-3136,0.69,2,4
CUST-3137,0.27,2,0
CUST-3138,0.16,1,0
CUST-3139,0.47,2,2
CUST-3140,0.52,1,2
CUST-3141,0.19,0,0
CUST-3142,0.36,1,1
CUST-3143,0.27,1,0
CUST-3144,0.21,2,0
CUST-3145,0.29,0,0
CUST-3146,0.47,0,0
CUST-3147,0.22,0,0
CUST-3148,0.25,0,0
CUST-3149,0.18,2,0
CUST-3150,0.26,1,0
CUST-3151,0.34,0,0
CUST-3152,0.29,0,0
CUST-3153,0.19,0,0
CUST-3154,0.44,3,1
CUST-3155,0.31,1,0
CUST-3156,0.29,1,0
CUST-3157,0.17,1,0
CUST-3158,0.32,1,1
CUST-3159,0.2,2,0
CUST-3160,0.22,1,0
CUST-3161,0.2,0,0
CUST-3162,0.41,1,1
CUST-3163,0.43,3,4
CUST-3164,0.34,1,1
CUST-3165,0.31,0,0
CUST-3166,0.13,0,0
CUST-3167,0.32,1,0
CUST-3168,0.49,1,0
CUST-3169,0.24,2,0
CUST-3170,0.1,1,0
CUST-3171,0.33,1,0
CUST-3172,0.37,3,0
CUST-3173,0.42,3,2
CUST-3174,0.29,1,1
CUST-3175,0.32,0,0
CUST-3176,0.13,0,0
CUST-3177,0.12,1,0
CUST-3178,0.26,0,0
CUST-3179,0.27,1,1
CUST-3180,0.45,1,1
CUST-3181,0.11,0,0
CUST-3182,0.35,0,0
CUST-3183,0.31,0,0
CUST-3184,0.35,1,2
CUST-3185,0.14,1,0
CUST-3186,0.34,0,0
CUST-3187,0.42,3,2
CUST-3188,0.56,2,4
CUST-3189,0.3,0,0
CUST-3190,0.33,1,1
CUST-3191,0.29,2,0
CUST-3192,0.29,1,0
CUST-3193,0.14,0,0
CUST-3194,0.52,1,3
CUST-3195,0.35,1,0
CUST-3196,0.35,1,0
CUST-3197,0.3,0,1
CUST-3198,0.24,1,0
CUST-3199,0.69,3,1
CUST-3200,0.29,2,1
CUST-3201,0.17,0,0
CUST-3202,0.28,1,0
CUST-3203,0.22,0,0
CUST-3204,0.33,1,0
CUST-3205,0.35,3,0
CUST-3206,0.35,2,1
CUST-3207,0.17,0,0
CUST-3208,0.27,1,0
CUST-3209,0.27,0,0
CUST-3210,0.29,0,0
CUST-3211,0.27,1,1
CUST-3212,0.26,0,0
CUST-3213,0.29,3,2
CUST-3214,0.13,1,0
CUST-3215,0.31,0,0
CUST-3216,0.45,0,0
CUST-3217,0.31,2,0
CUST-3218,0.32,0,0
CUST-3219,0.19,1,0
CUST-3220,0.19,0,0
CUST-3221,0.21,0,0
CUST-3222,0.27,1,0
CUST-3223,0.31,2,0
CUST-3224,0.11,2,0
CUST-3225,0.3,3,0
CUST-3226,0.35,1,0
CUST-3227,0.45,1,2
CUST-3228,0.49,2,2
CUST-3229,0.14,1,0
CUST-3230,0.4,3,0
CUST-3231,0.24,1,0
CUST-3232,0.14,0,0
CUST-3233,0.1,0,0
CUST-3234,0.44,1,0
CUST-3235,0.36,0,0
CUST-3236,0.29,0,0
CUST-3237,0.22,0,0
CUST-3238,0.16,1,0
CUST-3239,0.15,1,0
CUST-3240,0.27,1,0
CUST-3241,0.25,1,0
CUST-3242,0.12,0,0
CUST-3243,0.34,2,1
CUST-3244,0.66,4,2
CUST-3245,0.16,2,0
CUST-3246,0.25,2,0
CUST-3247,0.37,1,1
CUST-3248,0.27,1,0
CUST-3249,0.26,1,0
CUST-3250,0.15,1,0
CUST-3251,0.13,1,0
CUST-3252,0.36,2,1
CUST-3253,0.27,1,0
CUST-3254,0.49,1,0
CUST-3255,0.25,0,0
CUST-3256,0.12,1,0
CUST-3257,0.53,3,4
CUST-3258,0.27,2,1
CUST-3259,0.16,1,0
CUST-3260,0.33,0,0
CUST-3261,0.26,0,0
CUST-3262,0.15,1,0
CUST-3263,0.31,0,0
CUST-3264,0.29,1,0
CUST-3265,0.17,0,0
CUST-3266,0.4,1,0
CUST-3267,0.27,0,0
CUST-3268,0.28,0,0
CUST-3269,0.32,1,1
CUST-3270,0.32,0,0
CUST-3271,0.33,0,0
CUST-3272,0.59,2,2
CUST-3273,0.3,0,0
CUST-3274,0.44,3,1
CUST-3275,0.1,1,0
CUST-3276,0.29,1,0
CUST-3277,0.62,2,2
CUST-3278,0.34,0,0
CUST-3279,0.34,0,0
CUST-3280,0.29,0,0
CUST-3281,0.36,2,0
CUST-3282,0.45,1,0
CUST-3283,0.33,1,0
CUST-3284,0.2,1,0
CUST-3285,0.33,3,2
CUST-3286,0.32,0,0
CUST-3287,0.43,0,2
CUST-3288,0.25,0,0
CUST-3289,0.13,1,0
CUST-3290,0.2,0,0
CUST-3291,0.14,0,0
CUST-3292,0.31,2,0
CUST-3293,0.33,1,0
CUST-3294,0.14,0,0
CUST-3295,0.28,0,0
CUST-3296,0.35,2,0
CUST-3297,0.1,0,0
CUST-3298,0.52,3,5
CUST-3299,0.23,1,0
CUST-3300,0.13,1,0
CUST-3301,0.19,1,0
CUST-3302,0.27,0,0
CUST-3303,0.23,1,0
CUST-3304,0.34,2,0
CUST-3305,0.44,0,0
CUST-3306,0.23,0,0
CUST-3307,0.47,0,0
CUST-3308,0.28,3,1
CUST-3309,0.22,1,0
CUST-3310,0.5,3,2
CUST-3311,0.14,0,0
CUST-3312,0.38,1,0
CUST-3313,0.31,1,0
CUST-3314,0.28,0,0
CUST-3315,0.2,0,0
CUST-3316,0.33,0,0
CUST-3317,0.45,3,0
CUST-3318,0.33,0,0
CUST-3319,0.15,2,0
CUST-3320,0.3,3,0
CUST-3321,0.31,1,0
CUST-3322,0.26,0,0
CUST-3323,0.13,1,0
CUST-3324,0.35,0,0
CUST-3325,0.3,1,0
CUST-3326,0.15,0,0
CUST-3327,0.23,2,0
CUST-3328,0.45,2,0
CUST-3329,0.3,0,0
CUST-3330,0.6,3,1
CUST-3331,0.31,0,0
CUST-3332,0.25,1,0
CUST-3333,0.17,2,0
CUST-3334,0.3,1,0
CUST-3335,0.58,1,4
CUST-3336,0.18,0,0
CUST-3337,0.3,2,0
CUST-3338,0.25,0,0
CUST-3339,0.5,0,0
CUST-3340,0.39,2,0
CUST-3341,0.41,2,1
CUST-3342,0.24,1,0
CUST-3343,0.18,0,0
CUST-3344,0.19,0,0
CUST-3345,0.12,1,0
CUST-3346,0.3,2,0
CUST-3347,0.24,0,0
CUST-3348,0.43,3,4
CUST-3349,0.46,4,3
CUST-3350,0.4,2,0
CUST-3351,0.11,1,0
CUST-3352,0.11,0,0
CUST-3353,0.35,2,0
CUST-3354,0.34,1,0
CUST-3355,0.35,1,0
CUST-3356,0.21,0,0
CUST-3357,0.34,2,0
CUST-3358,0.29,1,0
CUST-3359,0.58,3,2
CUST-3360,0.24,2,0
CUST-3361,0.25,0,0
CUST-3362,0.35,2,0
CUST-3363,0.33,2,0
CUST-3364,0.26,2,0
CUST-3365,0.21,0,0
CUST-3366,0.13,1,0
CUST-3367,0.26,0,1
CUST-3368,0.22,0,0
CUST-3369,0.13,0,0
CUST-3370,0.26,1,0
CUST-3371,0.43,1,2
CUST-3372,0.32,0,0
CUST-3373,0.42,1,1
CUST-3374,0.24,0,0
CUST-3375,0.27,0,0
CUST-3376,0.32,2,0
CUST-3377,0.48,2,1
CUST-3378,0.33,1,0
CUST-3379,0.12,0,0
CUST-3380,0.34,1,0
CUST-3381,0.15,1,0
CUST-3382,0.41,2,0
CUST-3383,0.37,2,0
CUST-3384,0.19,0,0
CUST-3385,0.49,0,1
CUST-3386,0.26,0,0
CUST-3387,0.25,1,0
CUST-3388,0.43,1,2
CUST-3389,0.17,1,0
CUST-3390,0.27,0,0
CUST-3391,0.31,0,0
CUST-3392,0.63,1,3
CUST-3393,0.44,2,2
CUST-3394,0.13,1,0
CUST-3395,0.18,1,0
CUST-3396,0.58,4,3
CUST-3397,0.33,0,0
CUST-3398,0.31,1,0
CUST-3399,0.11,0,0
CUST-3400,0.27,2,0
CUST-3401,0.16,1,0
CUST-3402,0.35,1,1
CUST-3403,0.14,0,0
CUST-3404,0.13,0,0
CUST-3405,0.36,2,0
CUST-3406,0.54,2,2
CUST-3407,0.19,2,0
CUST-3408,0.35,0,1
CUST-3409,0.16,0,0
CUST-3410,0.49,0,0
CUST-3411,0.22,0,0
CUST-3412,0.42,3,0
CUST-3413,0.63,4,2
CUST-3414,0.35,0,0
CUST-3415,0.42,1,0
CUST-3416,0.21,1,0
CUST-3417,0.17,0,0
CUST-3418,0.2,0,0
CUST-3419,0.15,0,0
CUST-3420,0.13,1,0
CUST-3421,0.19,2,0
CUST-3422,0.31,2,0
CUST-3423,0.27,2,0
CUST-3424,0.32,2,0
CUST-3425,0.49,1,0
CUST-3426,0.26,0,0
CUST-3427,0.38,1,1
CUST-3428,0.65,2,2
CUST-3429,0.36,1,0
CUST-3430,0.25,0,0
CUST-3431,0.16,1,0
CUST-3432,0.36,1,2
CUST-3433,0.29,2,0
CUST-3434,0.33,0,0
CUST-3435,0.33,2,2
CUST-3436,0.25,2,0
CUST-3437,0.12,0,0
CUST-3438,0.46,2,2
CUST-3439,0.47,1,0
CUST-3440,0.41,1,0
CUST-3441,0.34,0,0
CUST-3442,0.28,1,0
CUST-3443,0.29,1,0
CUST-3444,0.11,0,0
CUST-3445,0.19,1,0
CUST-3446,0.12,0,0
CUST-3447,0.3,0,0
CUST-3448,0.11,1,0
CUST-3449,0.38,1,0
CUST-3450,0.33,1,1
CUST-3451,0.2,1,0
CUST-3452,0.19,0,0
CUST-3453,0.19,1,0
CUST-3454,0.14,0,0
CUST-3455,0.27,1,0
CUST-3456,0.41,1,0
CUST-3457,0.33,1,0
CUST-3458,0.25,0,0
CUST-3459,0.27,0,0
CUST-3460,0.26,1,0
CUST-3461,0.12,1,0
CUST-3462,0.33,1,0
CUST-3463,0.55,1,1
CUST-3464,0.5,1,1
CUST-3465,0.26,2,0
CUST-3466,0.11,1,0
CUST-3467,0.47,2,0
CUST-3468,0.32,1,0
CUST-3469,0.25,1,1
CUST-3470,0.23,1,0
CUST-3471,0.2,2,0
CUST-3472,0.28,0,0
CUST-3473,0.49,0,1
CUST-3474,0.19,1,0
CUST-3475,0.15,0,0
CUST-3476,0.11,0,0
CUST-3477,0.12,1,0
CUST-3478,0.25,2,0
CUST-3479,0.31,2,0
CUST-3480,0.43,2,2
CUST-3481,0.31,1,1
CUST-3482,0.22,1,0
CUST-3483,0.19,0,0
CUST-3484,0.17,0,0
CUST-3485,0.24,0,0
CUST-3486,0.46,0,0
CUST-3487,0.45,2,0
CUST-3488,0.24,2,0
CUST-3489,0.49,1,1
CUST-3490,0.3,0,0
CUST-3491,0.13,0,0
CUST-3492,0.38,1,0
CUST-3493,0.28,3,0
CUST-3494,0.31,1,0
CUST-3495,0.57,4,3
CUST-3496,0.44,2,0
CUST-3497,0.21,1,0
CUST-3498,0.28,1,0
CUST-3499,0.28,0,0
CUST-3500,0.28,0,0
CUST-3501,0.19,1,0
CUST-3502,0.5,0,0
CUST-3503,0.34,1,0
CUST-3504,0.26,0,0
CUST-3505,0.24,0,0
CUST-3506,0.47,1,2
CUST-3507,0.25,0,0
CUST-3508,0.33,2,0
CUST-3509,0.17,0,0
CUST-3510,0.46,1,4
CUST-3511,0.23,1,0
CUST-3512,0.2,0,0
CUST-3513,0.16,1,0
CUST-3514,0.41,0,1
CUST-3515,0.15,2,0
CUST-3516,0.19,1,0
CUST-3517,0.34,0,0
CUST-3518,0.47,3,4
CUST-3519,0.34,2,1
CUST-3520,0.46,1,1
CUST-3521,0.36,2,0
CUST-3522,0.32,0,0
CUST-3523,0.41,0,1
CUST-3524,0.29,0,0
CUST-3525,0.47,0,2
CUST-3526,0.25,3,0
CUST-3527,0.69,2,1
CUST-3528,0.44,3,0
CUST-3529,0.12,0,0
CUST-3530,0.35,1,0
CUST-3531,0.13,0,0
CUST-3532,0.22,1,0
CUST-3533,0.4,2,1
CUST-3534,0.11,1,0
CUST-3535,0.44,1,2
CUST-3536,0.11,1,0
CUST-3537,0.2,0,0
CUST-3538,0.32,2,0
CUST-3539,0.5,3,1
CUST-3540,0.38,1,0
CUST-3541,0.42,3,0
CUST-3542,0.14,0,0
CUST-3543,0.14,1,0
CUST-3544,0.41,2,0
CUST-3545,0.13,1,0
CUST-3546,0.15,0,0
CUST-3547,0.31,0,0
CUST-3548,0.61,1,4
CUST-3549,0.26,1,0
CUST-3550,0.31,3,0
CUST-3551,0.18,1,0
CUST-3552,0.1,1,0
CUST-3553,0.39,1,0
CUST-3554,0.15,0,0
CUST-3555,0.24,1,0
CUST-3556,0.1,1,0
CUST-3557,0.23,2,0
CUST-3558,0.2,1,0
CUST-3559,0.28,0,0
CUST-3560,0.26,1,0
CUST-3561,0.23,0,0
CUST-3562,0.31,1,0
CUST-3563,0.11,0,0
CUST-3564,0.69,2,2
CUST-3565,0.42,2,4
CUST-3566,0.29,0,0
CUST-3567,0.47,1,5
CUST-3568,0.15,0,0
CUST-3569,0.48,1,0
CUST-3570,0.14,0,0
CUST-3571,0.65,2,5
CUST-3572,0.41,1,2
CUST-3573,0.18,1,0
CUST-3574,0.13,0,0
CUST-3575,0.29,0,0
CUST-3576,0.25,0,0
CUST-3577,0.46,1,1
CUST-3578,0.5,1,0
CUST-3579,0.14,1,0
CUST-3580,0.16,1,0
CUST-3581,0.34,1,0
CUST-3582,0.25,0,0
CUST-3583,0.23,0,0
CUST-3584,0.16,1,0
CUST-3585,0.28,1,0
CUST-3586,0.22,0,0
CUST-3587,0.13,0,0
CUST-3588,0.32,0,0
CUST-3589,0.48,1,0
CUST-3590,0.29,1,0
CUST-3591,0.47,0,0
CUST-3592,0.37,1,0
CUST-3593,0.64,3,3
CUST-3594,0.48,1,0
CUST-3595,0.12,0,0
CUST-3596,0.32,2,0
CUST-3597,0.46,1,0
CUST-3598,0.18,1,0
CUST-3599,0.23,2,0
CUST-3600,0.3,1,1
CUST-3601,0.46,3,0
CUST-3602,0.28,1,1
CUST-3603,0.21,1,0
CUST-3604,0.16,0,0
CUST-3605,0.7,2,4
CUST-3606,0.29,2,0
CUST-3607,0.44,2,1
CUST-3608,0.22,2,0
CUST-3609,0.57,2,4
CUST-3610,0.13,0,0
CUST-3611,0.32,1,0
CUST-3612,0.5,1,0
CUST-3613,0.32,1,0
CUST-3614,0.34,0,0
CUST-3615,0.4,2,0
CUST-3616,0.48,1,0
CUST-3617,0.46,1,0
CUST-3618,0.17,0,0
CUST-3619,0.15,1,0
CUST-3620,0.48,0,2
CUST-3621,0.47,2,1
CUST-3622,0.13,1,0
CUST-3623,0.66,4,4
CUST-3624,0.45,1,0
CUST-3625,0.31,0,0
CUST-3626,0.12,1,0
CUST-3627,0.22,1,0
CUST-3628,0.47,3,0
CUST-3629,0.12,1,0
CUST-3630,0.45,3,0
CUST-3631,0.2,0,0
CUST-3632,0.23,0,0
CUST-3633,0.2,0,0
CUST-3634,0.34,1,0
CUST-3635,0.23,0,0
CUST-3636,0.23,1,0
CUST-3637,0.29,2,0
CUST-3638,0.43,0,0
CUST-3639,0.22,2,0
CUST-3640,0.25,1,2
CUST-3641,0.29,0,0
CUST-3642,0.22,2,0
CUST-3643,0.28,0,0
CUST-3644,0.29,1,0
CUST-3645,0.18,2,0
CUST-3646,0.35,1,0
CUST-3647,0.1,1,0
CUST-3648,0.6,2,5
CUST-3649,0.24,1,0
CUST-3650,0.33,1,0
CUST-3651,0.13,0,0
CUST-3652,0.29,0,0
CUST-3653,0.18,1,0
CUST-3654,0.21,1,0
CUST-3655,0.12,1,0
CUST-3656,0.29,0,0
CUST-3657,0.35,1,2
CUST-3658,0.16,0,0
CUST-3659,0.31,1,0
CUST-3660,0.23,1,0
CUST-3661,0.13,1,0
CUST-3662,0.32,1,0
CUST-3663,0.15,2,0
CUST-3664,0.28,0,0
CUST-3665,0.3,1,0
CUST-3666,0.15,1,0
CUST-3667,0.33,2,2
CUST-3668,0.3,2,0
CUST-3669,0.27,0,0
CUST-3670,0.32,2,0
CUST-3671,0.34,0,0
CUST-3672,0.44,0,0
CUST-3673,0.32,0,0
CUST-3674,0.27,2,0
CUST-3675,0.35,2,0
CUST-3676,0.22,1,0
CUST-3677,0.32,1,0
CUST-3678,0.18,0,0
CUST-3679,0.34,1,0
CUST-3680,0.49,1,0
CUST-3681,0.15,0,0
CUST-3682,0.1,0,0
CUST-3683,0.29,2,0
CUST-3684,0.33,0,0
CUST-3685,0.3,0,0
CUST-3686,0.46,1,0
CUST-3687,0.21,2,0
CUST-3688,0.4,1,0
CUST-3689,0.3,1,0
CUST-3690,0.15,0,0
CUST-3691,0.18,0,0
CUST-3692,0.46,1,0
CUST-3693,0.26,0,0
CUST-3694,0.19,1,0
CUST-3695,0.41,3,0
CUST-3696,0.32,1,0
CUST-3697,0.21,0,0
CUST-3698,0.42,0,0
CUST-3699,0.31,0,0
CUST-3700,0.19,1,0
CUST-3701,0.28,1,0
CUST-3702,0.42,1,0
CUST-3703,0.39,1,0
CUST-3704,0.11,2,0
CUST-3705,0.2,1,0
CUST-3706,0.3,2,0
CUST-3707,0.23,0,0
CUST-3708,0.24,1,0
CUST-3709,0.16,0,0
CUST-3710,0.28,1,0
CUST-3711,0.44,1,1
CUST-3712,0.3,2,0
CUST-3713,0.27,0,0
CUST-3714,0.28,1,0
CUST-3715,0.22,0,0
CUST-3716,0.16,0,0
CUST-3717,0.47,3,2
CUST-3718,0.41,0,1
CUST-3719,0.57,2,1
CUST-3720,0.32,1,0
CUST-3721,0.4,2,0
CUST-3722,0.23,1,0
CUST-3723,0.17,1,0
CUST-3724,0.3,2,0
CUST-3725,0.47,1,0
CUST-3726,0.33,2,0
CUST-3727,0.49,1,0
CUST-3728,0.34,0,0
CUST-3729,0.13,1,0
CUST-3730,0.12,0,0
CUST-3731,0.52,3,4
CUST-3732,0.31,0,0
CUST-3733,0.13,1,0
CUST-3734,0.51,4,1
CUST-3735,0.33,0,0
CUST-3736,0.33,2,0
CUST-3737,0.24,0,0
CUST-3738,0.46,1,3
CUST-3739,0.26,0,0
CUST-3740,0.13,1,0
CUST-3741,0.33,1,0
CUST-3742,0.31,0,0
CUST-3743,0.2,0,0
CUST-3744,0.49,2,0
CUST-3745,0.56,4,1
CUST-3746,0.22,1,0
CUST-3747,0.32,1,0
CUST-3748,0.13,1,0
CUST-3749,0.37,0,0
CUST-3750,0.16,0,0
CUST-3751,0.45,1,1
CUST-3752,0.23,1,0
CUST-3753,0.18,0,0
CUST-3754,0.41,1,1
CUST-3755,0.24,0,0
CUST-3756,0.13,1,0
CUST-3757,0.21,0,0
CUST-3758,0.15,1,0
CUST-3759,0.19,1,0
CUST-3760,0.19,0,0
CUST-3761,0.26,0,0
CUST-3762,0.42,0,1
CUST-3763,0.17,0,0
CUST-3764,0.16,1,0
CUST-3765,0.21,1,0
CUST-3766,0.2,1,0
CUST-3767,0.21,0,0
CUST-3768,0.35,1,0
CUST-3769,0.15,0,0
CUST-3770,0.32,1,0
CUST-3771,0.11,2,0
CUST-3772,0.25,1,2
CUST-3773,0.31,1,0
CUST-3774,0.28,1,0
CUST-3775,0.15,1,0
CUST-3776,0.11,1,0
CUST-3777,0.48,2,0
CUST-3778,0.29,1,0
CUST-3779,0.5,1,1
CUST-3780,0.19,0,0
CUST-3781,0.34,0,0
CUST-3782,0.29,0,0
CUST-3783,0.67,1,5
CUST-3784,0.13,0,0
CUST-3785,0.27,1,0
CUST-3786,0.14,0,0
CUST-3787,0.24,1,0
CUST-3788,0.5,2,5
CUST-3789,0.28,1,1
CUST-3790,0.38,1,0
CUST-3791,0.29,1,0
CUST-3792,0.32,0,0
CUST-3793,0.27,1,0
CUST-3794,0.18,2,0
CUST-3795,0.49,3,0
CUST-3796,0.17,0,0
CUST-3797,0.33,0,0
CUST-3798,0.4,0,0
CUST-3799,0.23,1,0
CUST-3800,0.55,3,1
CUST-3801,0.42,0,0
CUST-3802,0.35,2,1
CUST-3803,0.27,1,0
CUST-3804,0.2,0,0
CUST-3805,0.6,2,5
CUST-3806,0.22,1,0
CUST-3807,0.16,1,0
CUST-3808,0.19,1,0
CUST-3809,0.38,2,0
CUST-3810,0.34,2,0
CUST-3811,0.17,0,0
CUST-3812,0.19,0,0
CUST-3813,0.46,1,1
CUST-3814,0.33,0,0
CUST-3815,0.22,0,0
CUST-3816,0.34,0,0
CUST-3817,0.3,1,1
CUST-3818,0.27,1,0
CUST-3819,0.28,2,0
CUST-3820,0.56,1,3
CUST-3821,0.32,1,0
CUST-3822,0.47,1,4
CUST-3823,0.19,0,0
CUST-3824,0.33,2,0
CUST-3825,0.34,1,0
CUST-3826,0.44,2,2
CUST-3827,0.34,2,0
CUST-3828,0.33,0,0
CUST-3829,0.35,0,0
CUST-3830,0.27,0,0
CUST-3831,0.11,1,0
CUST-3832,0.46,1,1
CUST-3833,0.42,3,2
CUST-3834,0.17,0,0
CUST-3835,0.22,2,0
CUST-3836,0.29,0,0
CUST-3837,0.23,2,0
CUST-3838,0.26,1,2
CUST-3839,0.24,0,0
CUST-3840,0.29,0,0
CUST-3841,0.4,1,0
CUST-3842,0.44,3,0
CUST-3843,0.14,1,0
CUST-3844,0.29,0,0
CUST-3845,0.11,1,0
CUST-3846,0.25,1,0
CUST-3847,0.21,1,0
CUST-3848,0.27,1,0
CUST-3849,0.28,0,0
CUST-3850,0.35,0,0
CUST-3851,0.14,1,0
CUST-3852,0.3,1,0
CUST-3853,0.38,1,0
CUST-3854,0.14,0,0
CUST-3855,0.36,0,2
CUST-3856,0.17,0,0
CUST-3857,0.17,1,0
CUST-3858,0.4,1,2
CUST-3859,0.32,0,0
CUST-3860,0.19,0,0
CUST-3861,0.38,2,0
CUST-3862,0.26,1,0
CUST-3863,0.34,0,0
CUST-3864,0.29,0,2
CUST-3865,0.21,0,0
CUST-3866,0.49,2,0
CUST-3867,0.4,0,1
CUST-3868,0.17,0,0
CUST-3869,0.2,0,0
CUST-3870,0.45,2,5
CUST-3871,0.56,1,1
CUST-3872,0.13,0,0
CUST-3873,0.43,1,0
CUST-3874,0.29,2,1
CUST-3875,0.16,0,0
CUST-3876,0.2,0,0
CUST-3877,0.31,1,0
CUST-3878,0.58,3,5
CUST-3879,0.15,1,0
CUST-3880,0.31,0,0
CUST-3881,0.24,0,0
CUST-3882,0.14,0,0
CUST-3883,0.3,1,0
CUST-3884,0.11,0,0
CUST-3885,0.24,1,0
CUST-3886,0.12,0,0
CUST-3887,0.65,4,5
CUST-3888,0.27,2,0
CUST-3889,0.27,0,0
CUST-3890,0.34,0,0
CUST-3891,0.29,0,0
CUST-3892,0.27,1,0
CUST-3893,0.61,1,3
CUST-3894,0.41,1,0
CUST-3895,0.3,3,1
CUST-3896,0.19,1,0
CUST-3897,0.45,2,0
CUST-3898,0.32,1,0
CUST-3899,0.33,1,1
CUST-3900,0.42,2,3
CUST-3901,0.66,3,2
CUST-3902,0.48,0,0
CUST-3903,0.28,0,0
CUST-3904,0.31,2,0
CUST-3905,0.12,1,0
CUST-3906,0.33,0,0
CUST-3907,0.3,0,0
CUST-3908,0.28,1,0
CUST-3909,0.16,1,0
CUST-3910,0.31,0,0
CUST-3911,0.32,0,0
CUST-3912,0.34,0,0
CUST-3913,0.19,0,0
CUST-3914,0.32,1,0
CUST-3915,0.11,0,0
CUST-3916,0.14,0,0
CUST-3917,0.32,1,0
CUST-3918,0.22,1,0
CUST-3919,0.46,1,0
CUST-3920,0.26,1,2
CUST-3921,0.4,1,1
CUST-3922,0.5,2,5
CUST-3923,0.13,1,0
CUST-3924,0.32,1,0
CUST-3925,0.45,2,1
CUST-3926,0.17,1,0
CUST-3927,0.11,2,0
CUST-3928,0.1,1,0
CUST-3929,0.28,2,1
CUST-3930,0.63,3,1
CUST-3931,0.23,2,0
CUST-3932,0.22,1,0
CUST-3933,0.47,1,1
CUST-3934,0.18,1,0
CUST-3935,0.32,0,0
CUST-3936,0.11,1,0
CUST-3937,0.27,0,0
CUST-3938,0.18,1,0
CUST-3939,0.31,1,0
CUST-3940,0.3,1,0
CUST-3941,0.16,0,0
CUST-3942,0.29,0,0
CUST-3943,0.35,1,0
CUST-3944,0.34,1,0
CUST-3945,0.25,0,0
CUST-3946,0.34,1,0
CUST-3947,0.47,1,2
CUST-3948,0.29,2,2
CUST-3949,0.35,0,0
CUST-3950,0.49,2,0
CUST-3951,0.34,0,0
CUST-3952,0.31,2,0
CUST-3953,0.26,0,0
CUST-3954,0.13,1,0
CUST-3955,0.32,2,0
CUST-3956,0.26,1,1
CUST-3957,0.16,0,0
CUST-3958,0.39,0,0
CUST-3959,0.39,2,1
CUST-3960,0.13,0,0
CUST-3961,0.19,0,0
CUST-3962,0.46,0,1
CUST-3963,0.12,0,0
CUST-3964,0.42,0,0
CUST-3965,0.12,1,0
CUST-3966,0.48,0,1
CUST-3967,0.13,0,0
CUST-3968,0.41,1,0
CUST-3969,0.38,1,0
CUST-3970,0.42,1,0
CUST-3971,0.34,1,1
CUST-3972,0.16,1,0
CUST-3973,0.37,1,0
CUST-3974,0.26,1,0
CUST-3975,0.36,2,1
CUST-3976,0.26,1,0
CUST-3977,0.47,0,0
CUST-3978,0.24,1,0
CUST-3979,0.59,2,3
CUST-3980,0.14,0,0
CUST-3981,0.34,0,1
CUST-3982,0.44,2,2
CUST-3983,0.25,1,0
CUST-3984,0.36,2,0
CUST-3985,0.37,0,1
CUST-3986,0.18,1,0
CUST-3987,0.21,1,0
CUST-3988,0.66,3,2
CUST-3989,0.43,2,2
CUST-3990,0.48,2,0
CUST-3991,0.59,4,3
CUST-3992,0.23,0,0
CUST-3993,0.14,0,0
CUST-3994,0.5,1,1
CUST-3995,0.27,1,0
CUST-3996,0.18,2,0
CUST-3997,0.28,0,0
CUST-3998,0.2,0,0
CUST-3999,0.63,3,4
CUST-4000,0.14,1,0
