Default_ID,Loan_ID,Default_Date,Default_Amount,Recovered_Amount,Default_Status
DEF-5001,LOAN-10001,2024-11-03,157826.97,42046.57,Written-Off
DEF-5002,LOAN-10012,2024-08-15,380747.74,91225.35,Written-Off
DEF-5003,LOAN-10021,2023-11-10,9122.32,2054.03,Written-Off
DEF-5004,LOAN-10035,2025-08-24,32961.24,9812.15,Written-Off
DEF-5005,LOAN-10041,2023-07-17,30825.33,6804.73,Written-Off
DEF-5006,LOAN-10047,2023-10-25,27188.02,7334.07,Written-Off
DEF-5007,LOAN-10056,2025-06-01,26568.58,8414.68,Written-Off
DEF-5008,LOAN-10057,2023-08-19,10176.43,3299.18,Written-Off
DEF-5009,LOAN-10060,2026-02-25,8724.77,2123.23,Written-Off
DEF-5010,LOAN-10062,2024-10-23,31383.48,13909.44,Written-Off
DEF-5011,LOAN-10063,2025-04-18,216063.52,38228.88,Written-Off
DEF-5012,LOAN-10064,2025-11-21,7647.93,2015.46,Written-Off
DEF-5013,LOAN-10077,2025-11-20,8295.33,995.73,Written-Off
DEF-5014,LOAN-10084,2026-03-12,14098.91,5410.67,Written-Off
DEF-5015,LOAN-10089,2024-10-29,262458.43,64909.1,Written-Off
DEF-5016,LOAN-10099,2024-12-29,29561.88,13105.94,Written-Off
DEF-5017,LOAN-10101,2024-02-20,22439.43,4466.93,Written-Off
DEF-5018,LOAN-10108,2026-05-20,17862.87,7553.92,Written-Off
DEF-5019,LOAN-10111,2023-12-12,263152.25,47803.79,Written-Off
DEF-5020,LOAN-10114,2023-08-23,42502.37,9564.59,Written-Off
DEF-5021,LOAN-10115,2025-08-26,32395.83,13983.67,Written-Off
DEF-5022,LOAN-10121,2023-09-29,32470.07,7091.06,Written-Off
DEF-5023,LOAN-10122,2023-09-12,16646.43,2011.58,Written-Off
DEF-5024,LOAN-10124,2025-07-27,115472.54,28424.19,Written-Off
DEF-5025,LOAN-10130,2023-12-05,329741.26,108455.49,Written-Off
DEF-5026,LOAN-10135,2025-08-14,20416.98,7862.24,Written-Off
DEF-5027,LOAN-10139,2024-07-17,118272.1,44214.32,Written-Off
DEF-5028,LOAN-10140,2024-04-07,53226.03,18679.24,Written-Off
DEF-5029,LOAN-10142,2025-08-08,11141.1,4925.43,Written-Off
DEF-5030,LOAN-10143,2024-03-07,25801.11,7275.75,Written-Off
DEF-5031,LOAN-10146,2025-08-22,50873.05,11877.22,Written-Off
DEF-5032,LOAN-10148,2026-03-20,9970.22,2385.97,Written-Off
DEF-5033,LOAN-10150,2023-12-23,6677.9,689.27,Written-Off
DEF-5034,LOAN-10152,2026-05-05,12328.97,4476.33,Written-Off
DEF-5035,LOAN-10162,2025-10-05,9291.89,2611.73,Written-Off
DEF-5036,LOAN-10168,2026-01-22,8903.24,3421.09,Written-Off
DEF-5037,LOAN-10174,2025-02-05,40968.16,13819.6,Written-Off
DEF-5038,LOAN-10175,2023-07-24,51729.67,4980.94,Written-Off
DEF-5039,LOAN-10183,2024-02-23,6737.45,1546.63,Written-Off
DEF-5040,LOAN-10188,2023-11-30,25115.24,2978.86,Written-Off
DEF-5041,LOAN-10201,2024-06-29,26292.72,11605.8,Written-Off
DEF-5042,LOAN-10212,2024-12-04,33300.05,10181.67,Written-Off
DEF-5043,LOAN-10216,2026-03-16,28547.17,2978.75,Written-Off
DEF-5044,LOAN-10237,2024-03-15,211321.36,43339.86,Written-Off
DEF-5045,LOAN-10242,2026-01-30,4369.41,1545.78,Recovered
DEF-5046,LOAN-10243,2023-11-14,198057.81,71841.21,Written-Off
DEF-5047,LOAN-10245,2026-01-03,12391.27,2829.31,Written-Off
DEF-5048,LOAN-10246,2024-02-15,212652.21,32606.16,Written-Off
DEF-5049,LOAN-10248,2024-12-14,126795.1,24418.28,Written-Off
DEF-5050,LOAN-10250,2024-01-23,7925.93,1700.88,Written-Off
DEF-5051,LOAN-10260,2025-11-25,4408.16,1366.68,Recovered
DEF-5052,LOAN-10264,2025-07-28,153312.32,30878.36,Written-Off
DEF-5053,LOAN-10269,2023-11-24,23534.23,5179.24,Written-Off
DEF-5054,LOAN-10270,2026-05-20,15293.82,4235.51,Written-Off
DEF-5055,LOAN-10275,2024-06-27,33215.06,370.58,Written-Off
DEF-5056,LOAN-10288,2025-04-22,4549.17,1193.22,Recovered
DEF-5057,LOAN-10292,2024-09-12,17941.24,428.02,Written-Off
DEF-5058,LOAN-10295,2025-10-07,21743.54,5345.77,Written-Off
DEF-5059,LOAN-10301,2023-12-16,24000.0,10689.3,Written-Off
DEF-5060,LOAN-10303,2023-12-22,28199.51,2885.68,Written-Off
DEF-5061,LOAN-10308,2023-09-28,5687.08,603.74,Written-Off
DEF-5062,LOAN-10309,2023-11-13,39031.57,5586.38,Written-Off
DEF-5063,LOAN-10310,2024-01-26,243000.0,64951.54,Written-Off
DEF-5064,LOAN-10315,2024-08-16,25906.57,7064.26,Written-Off
DEF-5065,LOAN-10323,2023-10-22,80683.18,9420.48,Written-Off
DEF-5066,LOAN-10334,2025-07-12,9617.31,2500.08,Written-Off
DEF-5067,LOAN-10339,2024-12-15,5769.49,1322.62,Recovered
DEF-5068,LOAN-10349,2025-06-20,28173.44,10297.56,Written-Off
DEF-5069,LOAN-10358,2024-11-13,199614.24,44069.37,Written-Off
DEF-5070,LOAN-10360,2025-09-19,290807.42,57564.96,Written-Off
DEF-5071,LOAN-10364,2026-01-13,9211.43,1898.81,Written-Off
DEF-5072,LOAN-10368,2024-04-25,26140.53,7454.12,Written-Off
DEF-5073,LOAN-10378,2026-03-30,7952.45,1798.13,Written-Off
DEF-5074,LOAN-10385,2023-07-30,56000.0,1380.59,Written-Off
DEF-5075,LOAN-10387,2023-09-20,24728.63,6246.37,Written-Off
DEF-5076,LOAN-10407,2024-03-30,31018.54,6411.12,Written-Off
DEF-5077,LOAN-10412,2025-05-22,22581.31,5915.56,Written-Off
DEF-5078,LOAN-10417,2025-06-08,134144.89,56543.59,Written-Off
DEF-5079,LOAN-10429,2025-09-03,249270.39,65197.54,Written-Off
DEF-5080,LOAN-10433,2025-10-21,116000.0,18980.46,Written-Off
DEF-5081,LOAN-10434,2025-06-05,15114.45,6099.2,Written-Off
DEF-5082,LOAN-10436,2024-10-20,46716.47,2148.3,Written-Off
DEF-5083,LOAN-10438,2025-09-17,19689.98,5241.12,Written-Off
DEF-5084,LOAN-10439,2026-05-24,4289.87,1634.54,Recovered
DEF-5085,LOAN-10442,2025-02-05,11287.96,2382.97,Written-Off
DEF-5086,LOAN-10444,2024-02-28,6562.6,1541.82,Written-Off
DEF-5087,LOAN-10445,2026-01-17,4302.86,1408.5,Recovered
DEF-5088,LOAN-10450,2024-02-03,35114.93,15644.13,Written-Off
DEF-5089,LOAN-10458,2026-01-24,13399.68,2963.26,Written-Off
DEF-5090,LOAN-10462,2025-07-23,26678.17,7189.11,Written-Off
DEF-5091,LOAN-10464,2024-06-18,409760.2,133035.11,Written-Off
DEF-5092,LOAN-10466,2023-12-30,125758.12,27314.88,Written-Off
DEF-5093,LOAN-10474,2024-07-10,9717.14,3458.44,Written-Off
DEF-5094,LOAN-10478,2026-02-03,7403.49,2056.64,Written-Off
DEF-5095,LOAN-10483,2023-08-17,10494.35,1447.7,Written-Off
DEF-5096,LOAN-10484,2023-12-17,32673.52,4825.76,Written-Off
DEF-5097,LOAN-10485,2023-06-12,12568.79,2696.06,Written-Off
DEF-5098,LOAN-10504,2024-09-13,107696.87,1747.62,Written-Off
DEF-5099,LOAN-10507,2024-11-25,14592.64,4084.46,Written-Off
DEF-5100,LOAN-10510,2025-07-26,25280.78,2907.38,Written-Off
DEF-5101,LOAN-10514,2024-07-23,7089.62,2215.61,Recovered
DEF-5102,LOAN-10516,2025-09-11,27582.24,11598.16,Written-Off
DEF-5103,LOAN-10519,2023-12-30,25010.14,6159.1,Written-Off
DEF-5104,LOAN-10528,2024-01-26,116053.7,13858.15,Written-Off
DEF-5105,LOAN-10538,2024-09-06,32533.07,12280.94,Written-Off
DEF-5106,LOAN-10542,2025-03-15,39037.18,10145.04,Written-Off
DEF-5107,LOAN-10547,2024-11-19,26530.11,3238.23,Written-Off
DEF-5108,LOAN-10550,2023-07-28,27471.85,10493.07,Written-Off
DEF-5109,LOAN-10554,2026-05-25,47829.36,15531.75,Written-Off
DEF-5110,LOAN-10558,2024-02-14,21885.44,6401.11,Written-Off
DEF-5111,LOAN-10560,2025-07-12,20987.52,8619.33,Written-Off
DEF-5112,LOAN-10561,2023-11-27,8069.77,2518.4,Written-Off
DEF-5113,LOAN-10562,2026-04-04,3673.71,880.79,Recovered
DEF-5114,LOAN-10563,2025-04-04,9167.48,3970.57,Written-Off
DEF-5115,LOAN-10565,2024-08-10,25242.04,8481.38,Written-Off
DEF-5116,LOAN-10567,2025-02-18,9429.34,646.6,Written-Off
DEF-5117,LOAN-10569,2024-09-13,93420.51,41275.33,Written-Off
DEF-5118,LOAN-10574,2026-02-05,9575.36,2915.02,Written-Off
DEF-5119,LOAN-10582,2025-06-23,42670.53,18441.99,Written-Off
DEF-5120,LOAN-10587,2025-07-03,10058.09,2613.66,Written-Off
DEF-5121,LOAN-10593,2025-02-27,24560.54,8050.51,Written-Off
DEF-5122,LOAN-10595,2025-06-21,31092.03,9283.24,Written-Off
DEF-5123,LOAN-10596,2024-07-11,38079.15,13489.2,Written-Off
DEF-5124,LOAN-10597,2025-10-22,35099.37,5687.83,Written-Off
DEF-5125,LOAN-10599,2024-02-10,40364.71,7738.11,Written-Off
DEF-5126,LOAN-10604,2024-03-02,25933.19,7542.26,Written-Off
DEF-5127,LOAN-10605,2023-06-03,22733.82,5862.21,Written-Off
DEF-5128,LOAN-10614,2025-03-09,6520.21,2387.97,Recovered
DEF-5129,LOAN-10617,2025-03-06,9161.72,1873.35,Written-Off
DEF-5130,LOAN-10620,2024-02-13,26571.91,6811.79,Written-Off
DEF-5131,LOAN-10626,2025-05-14,14461.33,3400.85,Written-Off
DEF-5132,LOAN-10628,2025-12-30,12490.18,4529.95,Written-Off
DEF-5133,LOAN-10639,2025-01-13,7599.5,1844.08,Written-Off
DEF-5134,LOAN-10640,2024-06-19,23388.78,5594.66,Written-Off
DEF-5135,LOAN-10641,2023-10-21,58120.76,12458.13,Written-Off
DEF-5136,LOAN-10647,2025-04-25,18970.11,6215.49,Written-Off
DEF-5137,LOAN-10654,2026-05-04,16814.55,5592.37,Written-Off
DEF-5138,LOAN-10667,2025-09-09,18419.33,8229.0,Written-Off
DEF-5139,LOAN-10680,2024-06-29,10970.95,4559.53,Written-Off
DEF-5140,LOAN-10682,2025-08-14,40030.42,13798.42,Written-Off
DEF-5141,LOAN-10689,2023-09-26,246000.0,44627.26,Written-Off
DEF-5142,LOAN-10692,2024-06-20,7483.24,2042.73,Written-Off
DEF-5143,LOAN-10694,2024-11-21,11016.5,4467.99,Written-Off
DEF-5144,LOAN-10697,2024-10-29,76233.59,20047.44,Written-Off
DEF-5145,LOAN-10698,2025-08-17,4557.72,1067.19,Recovered
DEF-5146,LOAN-10702,2025-04-20,30226.94,6727.98,Written-Off
DEF-5147,LOAN-10704,2025-05-29,5736.65,1017.66,Recovered
DEF-5148,LOAN-10707,2025-03-10,25843.56,6800.89,Written-Off
DEF-5149,LOAN-10714,2025-09-16,18238.21,4585.88,Written-Off
DEF-5150,LOAN-10720,2025-01-10,16500.55,2584.42,Written-Off
DEF-5151,LOAN-10725,2024-01-24,21203.31,3570.71,Written-Off
DEF-5152,LOAN-10729,2024-06-10,4129.24,987.34,Recovered
DEF-5153,LOAN-10734,2025-06-09,17346.22,7731.4,Written-Off
DEF-5154,LOAN-10735,2024-01-12,45048.87,11321.79,Written-Off
DEF-5155,LOAN-10736,2025-02-15,14387.13,3084.63,Written-Off
DEF-5156,LOAN-10741,2025-07-28,29619.87,4405.55,Written-Off
DEF-5157,LOAN-10749,2024-01-25,8301.06,3131.33,Written-Off
DEF-5158,LOAN-10756,2024-03-31,84584.53,11261.63,Written-Off
DEF-5159,LOAN-10761,2025-02-01,118581.15,22221.84,Written-Off
DEF-5160,LOAN-10762,2025-01-30,34517.83,6220.25,Written-Off
DEF-5161,LOAN-10764,2024-12-22,28349.23,4539.35,Written-Off
DEF-5162,LOAN-10765,2024-08-17,98638.8,18412.69,Written-Off
DEF-5163,LOAN-10768,2023-10-08,15302.46,3228.14,Written-Off
DEF-5164,LOAN-10795,2026-01-16,26663.4,6255.38,Written-Off
DEF-5165,LOAN-10798,2025-08-29,251702.98,98259.86,Written-Off
DEF-5166,LOAN-10818,2026-01-27,18719.64,2213.8,Written-Off
DEF-5167,LOAN-10827,2023-11-18,26375.84,3450.16,Written-Off
DEF-5168,LOAN-10836,2026-01-30,108949.41,28.02,Written-Off
DEF-5169,LOAN-10838,2025-04-03,38273.85,10509.66,Written-Off
DEF-5170,LOAN-10844,2025-04-08,9375.16,2004.23,Written-Off
DEF-5171,LOAN-10846,2026-05-19,71722.5,22367.56,Written-Off
DEF-5172,LOAN-10854,2024-08-15,22953.59,8673.03,Written-Off
DEF-5173,LOAN-10855,2025-12-25,335414.11,149008.9,Written-Off
DEF-5174,LOAN-10862,2023-06-10,27709.98,4934.69,Written-Off
DEF-5175,LOAN-10863,2026-05-25,30451.61,13186.41,Written-Off
DEF-5176,LOAN-10870,2023-10-03,14242.47,3506.55,Written-Off
DEF-5177,LOAN-10871,2025-08-05,302482.91,84791.74,Written-Off
DEF-5178,LOAN-10873,2024-07-30,17633.26,3757.43,Written-Off
DEF-5179,LOAN-10878,2025-08-18,21552.43,5241.86,Written-Off
DEF-5180,LOAN-10887,2024-11-01,395447.36,141244.15,Written-Off
DEF-5181,LOAN-10888,2024-08-18,42492.48,11865.93,Written-Off
DEF-5182,LOAN-10890,2025-03-13,22036.14,4590.82,Written-Off
DEF-5183,LOAN-10896,2024-12-25,27334.58,5703.72,Written-Off
DEF-5184,LOAN-10899,2024-08-19,39489.81,9761.1,Written-Off
DEF-5185,LOAN-10902,2024-08-08,29919.24,8754.72,Written-Off
DEF-5186,LOAN-10903,2024-08-02,18196.46,7141.23,Written-Off
DEF-5187,LOAN-10905,2025-01-28,49922.14,15105.41,Written-Off
DEF-5188,LOAN-10908,2024-05-17,24829.2,6172.04,Written-Off
DEF-5189,LOAN-10912,2023-11-04,23885.6,2598.39,Written-Off
DEF-5190,LOAN-10916,2025-11-10,48563.14,13070.06,Written-Off
DEF-5191,LOAN-10917,2025-04-29,41533.06,9716.27,Written-Off
DEF-5192,LOAN-10918,2025-07-14,8568.64,2098.55,Written-Off
DEF-5193,LOAN-10919,2024-06-07,16183.0,2868.4,Written-Off
DEF-5194,LOAN-10924,2025-04-03,11203.07,2586.14,Written-Off
DEF-5195,LOAN-10927,2024-04-11,124000.0,10294.01,Written-Off
DEF-5196,LOAN-10929,2024-04-08,206577.95,48664.85,Written-Off
DEF-5197,LOAN-10931,2025-02-09,23473.52,7352.64,Written-Off
DEF-5198,LOAN-10949,2023-12-07,8416.37,1838.61,Written-Off
DEF-5199,LOAN-10967,2024-04-19,36433.93,12292.11,Written-Off
DEF-5200,LOAN-10978,2025-08-16,14370.69,3883.14,Written-Off
DEF-5201,LOAN-10983,2024-06-26,11056.02,4731.62,Written-Off
DEF-5202,LOAN-10999,2026-03-07,26146.97,5619.34,Written-Off
DEF-5203,LOAN-11003,2025-09-05,365761.8,70010.94,Written-Off
DEF-5204,LOAN-11004,2025-06-10,23557.58,5637.95,Written-Off
DEF-5205,LOAN-11011,2025-02-10,119311.91,34662.47,Written-Off
DEF-5206,LOAN-11013,2024-07-01,356272.46,41440.61,Written-Off
DEF-5207,LOAN-11015,2024-03-02,17624.12,4281.59,Written-Off
DEF-5208,LOAN-11016,2024-09-15,40780.3,9326.19,Written-Off
DEF-5209,LOAN-11018,2024-11-28,32823.52,9440.31,Written-Off
DEF-5210,LOAN-11027,2024-06-28,59036.48,13844.58,Written-Off
DEF-5211,LOAN-11030,2025-11-25,8673.3,3275.52,Written-Off
DEF-5212,LOAN-11038,2025-02-13,28963.53,7677.13,Written-Off
DEF-5213,LOAN-11041,2026-04-06,13146.2,3366.75,Written-Off
DEF-5214,LOAN-11043,2025-06-16,121481.33,13171.89,Written-Off
DEF-5215,LOAN-11045,2024-06-10,52306.48,8512.26,Written-Off
DEF-5216,LOAN-11046,2025-08-25,27662.67,3451.18,Written-Off
DEF-5217,LOAN-11047,2025-08-10,218556.98,45198.54,Written-Off
DEF-5218,LOAN-11055,2024-11-07,17923.94,4862.25,Written-Off
DEF-5219,LOAN-11057,2025-12-26,21466.83,4497.42,Written-Off
DEF-5220,LOAN-11059,2024-09-30,13661.31,5665.03,Written-Off
DEF-5221,LOAN-11080,2026-01-15,7478.25,3303.36,Recovered
DEF-5222,LOAN-11107,2026-03-27,311275.11,104793.82,Written-Off
DEF-5223,LOAN-11108,2024-05-04,18493.31,5800.92,Written-Off
DEF-5224,LOAN-11113,2025-08-26,7473.12,2468.29,Written-Off
DEF-5225,LOAN-11118,2025-10-09,13183.65,2076.2,Written-Off
DEF-5226,LOAN-11120,2025-09-08,36598.69,7618.6,Written-Off
DEF-5227,LOAN-11123,2025-10-21,1280.74,350.1,Recovered
DEF-5228,LOAN-11141,2023-04-26,28000.0,10081.58,Written-Off
DEF-5229,LOAN-11147,2026-02-09,13475.92,3659.16,Written-Off
DEF-5230,LOAN-11148,2025-07-30,6650.06,1562.75,Written-Off
DEF-5231,LOAN-11156,2025-06-08,37033.97,12151.56,Written-Off
DEF-5232,LOAN-11158,2023-09-11,18568.86,5584.57,Written-Off
DEF-5233,LOAN-11160,2024-10-16,275607.44,38643.66,Written-Off
DEF-5234,LOAN-11166,2024-05-04,23039.41,7015.3,Written-Off
DEF-5235,LOAN-11173,2024-02-14,30000.0,7061.12,Written-Off
DEF-5236,LOAN-11178,2026-01-29,16630.84,6766.55,Written-Off
DEF-5237,LOAN-11179,2024-05-06,32896.62,11245.6,Written-Off
DEF-5238,LOAN-11182,2026-01-03,12150.33,3508.46,Written-Off
DEF-5239,LOAN-11184,2024-10-29,82148.25,36966.04,Written-Off
DEF-5240,LOAN-11201,2024-10-04,36853.32,13044.51,Written-Off
DEF-5241,LOAN-11203,2025-07-25,20207.95,5464.11,Written-Off
DEF-5242,LOAN-11204,2024-10-01,31186.5,13957.0,Written-Off
DEF-5243,LOAN-11210,2024-08-12,48079.7,5218.36,Written-Off
DEF-5244,LOAN-11211,2025-11-06,65408.91,14497.49,Written-Off
DEF-5245,LOAN-11218,2024-02-24,27705.82,9347.26,Written-Off
DEF-5246,LOAN-11222,2025-01-29,84305.3,31392.69,Written-Off
DEF-5247,LOAN-11227,2024-02-12,6077.71,2487.62,Recovered
DEF-5248,LOAN-11229,2025-08-16,338143.49,122593.74,Written-Off
DEF-5249,LOAN-11230,2023-11-12,17685.82,4812.23,Written-Off
DEF-5250,LOAN-11239,2024-09-16,98849.9,27335.85,Written-Off
DEF-5251,LOAN-11244,2024-10-27,31363.5,10941.22,Written-Off
DEF-5252,LOAN-11249,2024-09-13,51607.47,6648.53,Written-Off
DEF-5253,LOAN-11252,2023-11-30,11847.07,4226.82,Written-Off
DEF-5254,LOAN-11256,2025-06-04,15000.0,1652.66,Written-Off
DEF-5255,LOAN-11259,2025-10-17,4802.59,716.56,Recovered
DEF-5256,LOAN-11261,2024-09-30,37802.9,15108.28,Written-Off
DEF-5257,LOAN-11265,2023-12-10,123844.91,47485.53,Written-Off
DEF-5258,LOAN-11267,2024-08-02,365780.34,45715.68,Written-Off
DEF-5259,LOAN-11268,2025-05-20,35929.79,14395.73,Written-Off
DEF-5260,LOAN-11288,2025-04-14,13561.48,3227.75,Written-Off
DEF-5261,LOAN-11293,2024-06-26,15358.19,1565.0,Written-Off
DEF-5262,LOAN-11294,2025-08-19,5610.96,2379.54,Recovered
DEF-5263,LOAN-11309,2023-09-04,352118.41,100214.77,Written-Off
DEF-5264,LOAN-11319,2024-01-03,12961.73,5009.14,Written-Off
DEF-5265,LOAN-11324,2025-07-06,21123.02,4328.19,Written-Off
DEF-5266,LOAN-11327,2025-04-18,188106.25,35595.36,Written-Off
DEF-5267,LOAN-11332,2025-05-23,14876.81,6693.42,Written-Off
DEF-5268,LOAN-11333,2025-05-05,4235.47,666.46,Recovered
DEF-5269,LOAN-11334,2026-03-16,19192.67,2785.31,Written-Off
DEF-5270,LOAN-11336,2023-08-25,51752.36,7773.87,Written-Off
DEF-5271,LOAN-11338,2026-04-29,10182.07,375.81,Written-Off
DEF-5272,LOAN-11343,2025-02-05,26125.16,11000.82,Written-Off
DEF-5273,LOAN-11344,2023-07-01,25690.09,3207.28,Written-Off
DEF-5274,LOAN-11349,2024-05-04,26148.56,4466.25,Written-Off
DEF-5275,LOAN-11361,2025-10-20,103688.79,21394.9,Written-Off
DEF-5276,LOAN-11366,2023-10-17,89888.96,16743.59,Written-Off
DEF-5277,LOAN-11378,2026-01-26,8360.57,952.4,Written-Off
DEF-5278,LOAN-11379,2025-09-05,21592.95,2579.7,Written-Off
DEF-5279,LOAN-11383,2024-09-06,292293.48,74173.43,Written-Off
DEF-5280,LOAN-11386,2024-07-16,22145.3,5099.59,Written-Off
DEF-5281,LOAN-11388,2026-05-14,43668.49,16224.69,Written-Off
DEF-5282,LOAN-11391,2025-09-23,35004.16,10159.3,Written-Off
DEF-5283,LOAN-11392,2025-04-24,17541.26,4955.54,Written-Off
DEF-5284,LOAN-11393,2024-02-23,43083.98,1713.85,Written-Off
DEF-5285,LOAN-11396,2025-09-06,11363.13,5082.41,Written-Off
DEF-5286,LOAN-11402,2025-01-14,24165.08,5288.78,Written-Off
DEF-5287,LOAN-11403,2024-01-03,23387.38,5746.8,Written-Off
DEF-5288,LOAN-11405,2024-04-04,39704.86,7239.28,Written-Off
DEF-5289,LOAN-11411,2023-08-31,24462.81,5748.09,Written-Off
DEF-5290,LOAN-11420,2025-10-10,30486.98,11226.56,Written-Off
DEF-5291,LOAN-11421,2024-05-01,15141.65,2763.48,Written-Off
DEF-5292,LOAN-11436,2024-07-02,13835.85,4119.1,Written-Off
DEF-5293,LOAN-11437,2025-10-16,149698.7,51613.49,Written-Off
DEF-5294,LOAN-11444,2024-02-09,11305.46,75.73,Written-Off
DEF-5295,LOAN-11445,2024-01-16,33246.93,9950.57,Written-Off
DEF-5296,LOAN-11448,2024-07-13,19000.0,3538.24,Written-Off
DEF-5297,LOAN-11449,2024-11-13,32998.97,14679.58,Written-Off
DEF-5298,LOAN-11452,2025-12-01,21028.07,5900.8,Written-Off
DEF-5299,LOAN-11455,2025-03-13,16586.07,5532.47,Written-Off
DEF-5300,LOAN-11461,2025-11-24,35117.04,7738.18,Written-Off
DEF-5301,LOAN-11462,2026-03-01,18967.46,7599.77,Written-Off
DEF-5302,LOAN-11463,2024-05-27,5412.33,635.87,Recovered
DEF-5303,LOAN-11471,2025-01-30,382198.87,51443.35,Written-Off
DEF-5304,LOAN-11480,2023-09-06,30000.0,8308.55,Written-Off
DEF-5305,LOAN-11486,2024-05-15,26766.63,8947.98,Written-Off
DEF-5306,LOAN-11496,2024-06-29,103629.02,14130.9,Written-Off
DEF-5307,LOAN-11497,2025-04-23,13226.22,3055.94,Written-Off
DEF-5308,LOAN-11502,2025-01-25,373084.07,91244.41,Written-Off
DEF-5309,LOAN-11503,2026-03-26,144452.94,37145.84,Written-Off
DEF-5310,LOAN-11510,2024-01-13,36343.18,8268.83,Written-Off
DEF-5311,LOAN-11516,2025-02-01,5597.98,1753.04,Recovered
DEF-5312,LOAN-11525,2025-08-02,38415.42,14595.96,Written-Off
DEF-5313,LOAN-11527,2026-04-01,7651.96,2053.61,Written-Off
DEF-5314,LOAN-11531,2023-08-04,38328.95,5346.89,Written-Off
DEF-5315,LOAN-11544,2026-04-27,395655.29,26316.02,Written-Off
DEF-5316,LOAN-11546,2023-12-09,27489.47,12345.35,Written-Off
DEF-5317,LOAN-11547,2025-08-17,12463.62,2884.71,Written-Off
DEF-5318,LOAN-11557,2025-01-02,20032.37,3038.36,Written-Off
DEF-5319,LOAN-11564,2023-08-27,120656.76,33382.41,Written-Off
DEF-5320,LOAN-11565,2025-01-09,113000.0,29875.36,Written-Off
DEF-5321,LOAN-11572,2024-02-28,9182.8,1729.59,Written-Off
DEF-5322,LOAN-11578,2024-04-29,37992.21,7923.11,Written-Off
DEF-5323,LOAN-11584,2026-03-30,108797.07,30224.8,Written-Off
DEF-5324,LOAN-11589,2024-06-30,109867.72,29845.28,Written-Off
DEF-5325,LOAN-11590,2026-03-24,11285.01,2423.67,Written-Off
DEF-5326,LOAN-11592,2024-06-05,29237.34,9200.91,Written-Off
DEF-5327,LOAN-11595,2024-05-06,7691.47,3216.31,Recovered
DEF-5328,LOAN-11598,2025-12-05,25694.63,6646.86,Written-Off
DEF-5329,LOAN-11608,2025-10-16,2036.4,556.75,Recovered
DEF-5330,LOAN-11615,2024-03-24,25823.39,8317.81,Written-Off
DEF-5331,LOAN-11621,2025-12-04,16300.61,3461.21,Written-Off
DEF-5332,LOAN-11622,2024-10-28,14797.43,2010.91,Written-Off
DEF-5333,LOAN-11630,2023-11-02,36311.2,15575.68,Written-Off
DEF-5334,LOAN-11641,2024-10-05,10453.35,4502.74,Written-Off
DEF-5335,LOAN-11642,2024-06-30,14513.18,6495.14,Written-Off
DEF-5336,LOAN-11645,2024-12-27,104418.82,19895.62,Written-Off
DEF-5337,LOAN-11648,2026-03-23,13144.97,3776.52,Written-Off
DEF-5338,LOAN-11649,2025-02-27,12672.13,3711.62,Written-Off
DEF-5339,LOAN-11654,2025-11-06,24824.07,4609.0,Written-Off
DEF-5340,LOAN-11666,2024-06-21,90912.23,16760.24,Written-Off
DEF-5341,LOAN-11668,2025-07-30,8806.32,2437.72,Written-Off
DEF-5342,LOAN-11677,2026-01-02,5608.62,1579.96,Recovered
DEF-5343,LOAN-11679,2025-08-27,19325.31,5648.22,Written-Off
DEF-5344,LOAN-11680,2023-11-02,15025.53,4219.6,Written-Off
DEF-5345,LOAN-11684,2023-07-13,56214.09,15374.37,Written-Off
DEF-5346,LOAN-11686,2024-02-02,57002.03,7780.74,Written-Off
DEF-5347,LOAN-11691,2025-02-12,4077.87,1560.37,Recovered
DEF-5348,LOAN-11698,2025-08-14,26980.43,6890.59,Written-Off
DEF-5349,LOAN-11700,2025-12-05,30475.82,8343.37,Written-Off
DEF-5350,LOAN-11703,2025-12-25,9198.34,2617.31,Written-Off
DEF-5351,LOAN-11710,2025-09-07,12343.13,4036.38,Written-Off
DEF-5352,LOAN-11717,2024-01-18,274310.06,116726.81,Written-Off
DEF-5353,LOAN-11720,2023-08-25,26972.54,7779.8,Written-Off
DEF-5354,LOAN-11722,2024-05-09,195685.93,66803.69,Written-Off
DEF-5355,LOAN-11726,2024-08-14,7800.51,2165.85,Written-Off
DEF-5356,LOAN-11729,2025-01-10,22082.78,9360.07,Written-Off
DEF-5357,LOAN-11733,2025-02-09,17445.45,290.63,Written-Off
DEF-5358,LOAN-11738,2024-09-14,21524.28,5477.66,Written-Off
DEF-5359,LOAN-11741,2024-07-30,24819.69,7378.55,Written-Off
DEF-5360,LOAN-11744,2025-11-04,17341.31,5796.42,Written-Off
DEF-5361,LOAN-11752,2025-03-16,13844.3,3943.38,Written-Off
DEF-5362,LOAN-11758,2024-12-01,33000.0,7312.5,Written-Off
DEF-5363,LOAN-11774,2025-12-26,76113.87,8044.63,Written-Off
DEF-5364,LOAN-11780,2024-06-30,8892.6,1920.72,Written-Off
DEF-5365,LOAN-11782,2024-12-09,8957.9,3917.15,Written-Off
DEF-5366,LOAN-11786,2024-03-31,50916.75,12197.18,Written-Off
DEF-5367,LOAN-11791,2023-12-16,25441.33,9754.88,Written-Off
DEF-5368,LOAN-11793,2024-08-07,264472.09,108630.69,Written-Off
DEF-5369,LOAN-11797,2024-07-14,45000.0,10978.45,Written-Off
DEF-5370,LOAN-11798,2025-07-30,21916.02,9078.0,Written-Off
DEF-5371,LOAN-11799,2025-06-08,36354.29,4.55,Written-Off
DEF-5372,LOAN-11803,2025-08-17,77938.77,26105.91,Written-Off
DEF-5373,LOAN-11813,2026-03-13,218586.7,80118.88,Written-Off
DEF-5374,LOAN-11817,2025-06-29,17856.3,4075.26,Written-Off
DEF-5375,LOAN-11819,2025-11-15,353079.3,84581.28,Written-Off
DEF-5376,LOAN-11827,2024-12-27,8240.6,2625.81,Written-Off
DEF-5377,LOAN-11835,2024-06-26,31331.98,8507.43,Written-Off
DEF-5378,LOAN-11842,2026-03-15,13901.66,3746.91,Written-Off
DEF-5379,LOAN-11847,2025-02-03,16248.73,1759.22,Written-Off
DEF-5380,LOAN-11860,2023-11-26,14968.56,2806.89,Written-Off
DEF-5381,LOAN-11863,2025-06-15,55637.67,19115.22,Written-Off
DEF-5382,LOAN-11866,2025-02-03,28829.08,12594.13,Written-Off
DEF-5383,LOAN-11873,2024-12-29,6573.25,1842.99,Recovered
DEF-5384,LOAN-11878,2024-09-29,24826.05,5457.05,Written-Off
DEF-5385,LOAN-11879,2025-05-23,18090.02,5486.89,Written-Off
DEF-5386,LOAN-11883,2024-05-23,63000.0,17309.28,Written-Off
DEF-5387,LOAN-11886,2023-06-12,17702.9,5540.53,Written-Off
DEF-5388,LOAN-11887,2025-08-27,23615.26,7764.18,Written-Off
DEF-5389,LOAN-11894,2025-04-26,19536.31,2136.3,Written-Off
DEF-5390,LOAN-11895,2025-04-07,23232.27,7624.93,Written-Off
DEF-5391,LOAN-11896,2025-10-31,167587.76,46489.93,Written-Off
DEF-5392,LOAN-11905,2023-12-08,14588.48,4199.71,Written-Off
DEF-5393,LOAN-11917,2025-06-06,3188.24,721.9,Recovered
DEF-5394,LOAN-11923,2025-08-18,28857.85,4176.07,Written-Off
DEF-5395,LOAN-11928,2024-08-25,264283.05,84261.92,Written-Off
DEF-5396,LOAN-11931,2024-02-05,12978.62,2250.63,Written-Off
DEF-5397,LOAN-11938,2025-09-12,17633.88,5307.02,Written-Off
DEF-5398,LOAN-11943,2024-12-06,9192.95,2840.62,Written-Off
DEF-5399,LOAN-11962,2025-10-12,11064.24,3483.88,Written-Off
DEF-5400,LOAN-11963,2025-08-13,28224.38,6475.58,Written-Off
DEF-5401,LOAN-11965,2024-07-18,23313.02,8167.48,Written-Off
DEF-5402,LOAN-11968,2024-11-05,22324.64,4658.4,Written-Off
DEF-5403,LOAN-11972,2026-01-07,19121.55,7677.46,Written-Off
DEF-5404,LOAN-11976,2023-09-24,29276.1,7331.66,Written-Off
DEF-5405,LOAN-11983,2025-03-13,4741.46,255.72,Recovered
DEF-5406,LOAN-11985,2024-06-30,139488.69,61363.9,Written-Off
DEF-5407,LOAN-11995,2024-04-15,12295.54,967.31,Written-Off
DEF-5408,LOAN-11999,2025-09-28,18714.07,5688.29,Written-Off
DEF-5409,LOAN-12000,2024-03-23,14422.37,4309.29,Written-Off
DEF-5410,LOAN-12007,2025-01-10,417320.51,63842.86,Written-Off
DEF-5411,LOAN-12014,2025-10-07,29188.49,5852.59,Written-Off
DEF-5412,LOAN-12016,2025-07-24,17225.23,7236.13,Written-Off
DEF-5413,LOAN-12017,2024-11-08,23762.66,2842.69,Written-Off
DEF-5414,LOAN-12023,2024-10-16,17479.76,1757.67,Written-Off
DEF-5415,LOAN-12024,2025-12-29,10773.62,4535.0,Written-Off
DEF-5416,LOAN-12032,2026-02-03,12896.01,5664.46,Written-Off
DEF-5417,LOAN-12037,2023-10-30,10915.97,2570.35,Written-Off
DEF-5418,LOAN-12040,2024-09-11,270875.18,65952.63,Written-Off
DEF-5419,LOAN-12046,2026-02-25,13980.8,3979.22,Written-Off
DEF-5420,LOAN-12050,2026-05-16,6398.39,1285.86,Written-Off
DEF-5421,LOAN-12051,2024-01-05,16882.96,2074.7,Written-Off
DEF-5422,LOAN-12060,2025-03-05,20309.17,5712.89,Written-Off
DEF-5423,LOAN-12064,2024-04-28,45141.46,12866.88,Written-Off
DEF-5424,LOAN-12067,2025-06-27,10642.98,2599.07,Written-Off
DEF-5425,LOAN-12075,2025-04-24,34174.54,7331.81,Written-Off
DEF-5426,LOAN-12079,2023-06-28,40855.68,7438.9,Written-Off
DEF-5427,LOAN-12085,2024-12-25,373760.59,134008.1,Written-Off
DEF-5428,LOAN-12087,2024-11-08,29341.81,8939.82,Written-Off
DEF-5429,LOAN-12094,2024-10-07,17339.48,6874.03,Written-Off
DEF-5430,LOAN-12096,2026-05-19,17645.21,4444.18,Written-Off
DEF-5431,LOAN-12097,2024-04-10,15382.19,4236.8,Written-Off
DEF-5432,LOAN-12113,2024-06-02,14526.77,3634.65,Written-Off
DEF-5433,LOAN-12115,2026-05-28,244134.43,63861.51,Written-Off
DEF-5434,LOAN-12133,2025-10-20,324195.06,112150.89,Written-Off
DEF-5435,LOAN-12142,2024-11-16,8952.63,2984.65,Written-Off
DEF-5436,LOAN-12143,2025-05-21,13319.75,3595.39,Written-Off
DEF-5437,LOAN-12149,2026-02-28,10187.54,2885.83,Written-Off
DEF-5438,LOAN-12150,2024-11-17,29316.22,11444.35,Written-Off
DEF-5439,LOAN-12152,2024-10-12,24394.19,7983.95,Written-Off
DEF-5440,LOAN-12157,2026-05-19,25124.2,9036.41,Written-Off
DEF-5441,LOAN-12163,2025-04-24,6399.75,1666.35,Recovered
DEF-5442,LOAN-12166,2025-12-05,12443.89,3599.64,Written-Off
DEF-5443,LOAN-12170,2024-06-26,8142.23,1100.97,Written-Off
DEF-5444,LOAN-12186,2025-01-17,117015.21,20671.47,Written-Off
DEF-5445,LOAN-12187,2024-05-01,408257.03,82944.76,Written-Off
DEF-5446,LOAN-12192,2024-06-05,381573.03,169276.98,Written-Off
DEF-5447,LOAN-12193,2024-11-07,75059.8,32853.26,Written-Off
DEF-5448,LOAN-12201,2023-05-17,12811.09,1510.05,Written-Off
DEF-5449,LOAN-12202,2026-03-25,271401.78,64293.76,Written-Off
DEF-5450,LOAN-12204,2025-02-07,136638.2,60677.2,Written-Off
DEF-5451,LOAN-12213,2023-10-05,19715.0,7179.5,Written-Off
DEF-5452,LOAN-12220,2024-06-12,14375.65,5081.86,Written-Off
DEF-5453,LOAN-12222,2025-02-18,13369.24,5377.54,Written-Off
DEF-5454,LOAN-12223,2025-04-01,3462.61,1322.89,Recovered
DEF-5455,LOAN-12225,2025-02-26,41343.73,6261.81,Written-Off
DEF-5456,LOAN-12236,2023-12-13,34739.21,7285.27,Written-Off
DEF-5457,LOAN-12241,2025-02-24,19600.45,4148.37,Written-Off
DEF-5458,LOAN-12247,2025-09-11,16748.54,2177.59,Written-Off
DEF-5459,LOAN-12248,2024-10-08,21391.44,8980.87,Written-Off
DEF-5460,LOAN-12253,2023-07-30,20000.0,8360.1,Written-Off
DEF-5461,LOAN-12258,2026-04-05,14335.48,6157.68,Written-Off
DEF-5462,LOAN-12259,2024-06-25,84252.86,20406.86,Written-Off
DEF-5463,LOAN-12262,2025-06-13,27504.82,6193.79,Written-Off
DEF-5464,LOAN-12263,2024-09-15,165516.47,34744.57,Written-Off
DEF-5465,LOAN-12264,2025-03-09,29864.02,9002.33,Written-Off
DEF-5466,LOAN-12266,2024-04-23,38350.95,13339.48,Written-Off
DEF-5467,LOAN-12270,2023-11-29,230919.1,82618.33,Written-Off
DEF-5468,LOAN-12275,2024-04-28,19636.57,3642.37,Written-Off
DEF-5469,LOAN-12284,2023-09-25,28288.23,11172.56,Written-Off
DEF-5470,LOAN-12289,2025-10-21,41695.09,14111.9,Written-Off
DEF-5471,LOAN-12292,2025-08-03,26470.8,2355.7,Written-Off
DEF-5472,LOAN-12294,2024-02-22,29012.67,12868.23,Written-Off
DEF-5473,LOAN-12297,2025-08-07,37506.81,6614.57,Written-Off
DEF-5474,LOAN-12298,2026-01-14,257547.17,36389.98,Written-Off
DEF-5475,LOAN-12304,2024-06-15,245425.52,18378.82,Written-Off
DEF-5476,LOAN-12306,2023-11-03,19671.84,7737.47,Written-Off
DEF-5477,LOAN-12320,2024-10-31,30319.4,7861.12,Written-Off
DEF-5478,LOAN-12321,2025-05-05,10777.15,1495.64,Written-Off
DEF-5479,LOAN-12326,2024-03-15,6374.17,2706.11,Recovered
DEF-5480,LOAN-12332,2023-11-19,35000.0,13095.69,Written-Off
DEF-5481,LOAN-12333,2026-05-16,7226.21,856.19,Written-Off
DEF-5482,LOAN-12336,2025-04-23,15857.45,3602.57,Written-Off
DEF-5483,LOAN-12341,2026-03-26,3962.83,1552.74,Recovered
DEF-5484,LOAN-12349,2025-09-03,5263.0,933.87,Recovered
DEF-5485,LOAN-12352,2025-03-21,30141.11,8487.39,Written-Off
DEF-5486,LOAN-12356,2024-09-11,8122.94,371.76,Written-Off
DEF-5487,LOAN-12358,2025-06-20,10452.78,2819.86,Written-Off
DEF-5488,LOAN-12370,2024-07-20,38000.0,1158.74,Written-Off
DEF-5489,LOAN-12379,2025-03-28,6948.69,1978.6,Recovered
DEF-5490,LOAN-12381,2024-05-08,27951.3,3015.35,Written-Off
DEF-5491,LOAN-12385,2025-09-10,155975.93,54989.55,Written-Off
DEF-5492,LOAN-12388,2023-09-10,19164.47,2709.17,Written-Off
DEF-5493,LOAN-12400,2024-02-24,46505.17,15229.12,Written-Off
DEF-5494,LOAN-12404,2024-10-14,150993.04,33241.84,Written-Off
DEF-5495,LOAN-12425,2024-08-22,20193.16,4089.19,Written-Off
DEF-5496,LOAN-12427,2026-03-31,64514.48,13997.99,Written-Off
DEF-5497,LOAN-12434,2023-07-03,16611.37,3510.9,Written-Off
DEF-5498,LOAN-12437,2024-12-01,13660.5,2554.48,Written-Off
DEF-5499,LOAN-12454,2026-02-04,12587.8,3454.49,Written-Off
DEF-5500,LOAN-12463,2025-06-15,12851.49,5344.3,Written-Off
DEF-5501,LOAN-12464,2025-09-15,14471.33,3454.41,Written-Off
DEF-5502,LOAN-12470,2025-10-19,332225.18,82679.43,Written-Off
DEF-5503,LOAN-12471,2025-11-26,310841.6,68423.73,Written-Off
DEF-5504,LOAN-12477,2024-06-29,381078.62,167561.15,Written-Off
DEF-5505,LOAN-12479,2026-02-05,11090.64,2988.4,Written-Off
DEF-5506,LOAN-12488,2024-07-04,30630.84,8776.14,Written-Off
DEF-5507,LOAN-12491,2026-05-24,37104.27,16451.0,Written-Off
DEF-5508,LOAN-12492,2024-10-20,211971.14,73240.87,Written-Off
DEF-5509,LOAN-12493,2024-08-07,259711.88,55080.28,Written-Off
DEF-5510,LOAN-12502,2025-12-23,109310.58,16080.59,Written-Off
DEF-5511,LOAN-12504,2025-09-22,281072.93,29063.63,Written-Off
DEF-5512,LOAN-12515,2023-11-09,43306.1,16683.31,Written-Off
DEF-5513,LOAN-12518,2024-01-15,32391.53,9608.12,Written-Off
DEF-5514,LOAN-12523,2024-04-13,20805.55,588.05,Written-Off
DEF-5515,LOAN-12528,2023-09-18,41623.39,12098.78,Written-Off
DEF-5516,LOAN-12531,2025-01-23,25264.31,4850.35,Written-Off
DEF-5517,LOAN-12532,2025-02-20,20722.52,9257.41,Written-Off
DEF-5518,LOAN-12535,2025-02-24,306885.29,103330.33,Written-Off
DEF-5519,LOAN-12541,2025-11-28,43678.42,12145.23,Written-Off
DEF-5520,LOAN-12547,2025-10-15,23212.06,2922.79,Written-Off
DEF-5521,LOAN-12554,2025-10-08,13076.15,4927.68,Written-Off
DEF-5522,LOAN-12557,2026-05-02,16993.82,2762.82,Written-Off
DEF-5523,LOAN-12560,2025-02-07,17266.84,5359.07,Written-Off
DEF-5524,LOAN-12564,2025-06-12,20045.28,5032.9,Written-Off
DEF-5525,LOAN-12565,2025-01-19,28482.3,7523.03,Written-Off
DEF-5526,LOAN-12566,2024-10-06,8033.17,1369.05,Written-Off
DEF-5527,LOAN-12570,2025-02-06,33164.91,6891.78,Written-Off
DEF-5528,LOAN-12571,2025-08-31,82995.47,21008.56,Written-Off
DEF-5529,LOAN-12600,2025-07-18,12290.2,1550.38,Written-Off
DEF-5530,LOAN-12604,2025-01-28,9177.72,1091.39,Written-Off
DEF-5531,LOAN-12611,2024-10-31,32749.35,7883.76,Written-Off
DEF-5532,LOAN-12614,2024-07-13,5050.22,606.89,Recovered
DEF-5533,LOAN-12623,2025-04-13,56493.26,16515.22,Written-Off
DEF-5534,LOAN-12629,2025-11-20,28067.92,11530.78,Written-Off
DEF-5535,LOAN-12632,2025-10-30,21529.3,6186.37,Written-Off
DEF-5536,LOAN-12636,2025-06-20,408435.58,121600.91,Written-Off
DEF-5537,LOAN-12651,2025-09-30,6544.18,1572.84,Recovered
DEF-5538,LOAN-12653,2024-04-20,7425.44,3058.17,Recovered
DEF-5539,LOAN-12654,2023-11-03,33702.81,11895.97,Written-Off
DEF-5540,LOAN-12656,2025-10-29,20952.95,7335.41,Written-Off
DEF-5541,LOAN-12677,2026-01-18,28386.91,3914.77,Written-Off
DEF-5542,LOAN-12692,2025-01-02,319669.36,108662.73,Written-Off
DEF-5543,LOAN-12693,2025-03-13,43007.82,9932.27,Written-Off
DEF-5544,LOAN-12696,2026-05-17,8702.66,2161.85,Written-Off
DEF-5545,LOAN-12697,2024-02-24,16318.55,3569.34,Written-Off
DEF-5546,LOAN-12700,2025-01-18,22636.23,7814.96,Written-Off
DEF-5547,LOAN-12706,2025-07-29,21136.08,5966.41,Written-Off
DEF-5548,LOAN-12707,2025-08-06,34949.88,12136.77,Written-Off
DEF-5549,LOAN-12711,2026-02-24,26405.75,3285.22,Written-Off
DEF-5550,LOAN-12715,2023-05-15,19000.0,7916.21,Written-Off
DEF-5551,LOAN-12718,2025-07-16,27142.74,5607.2,Written-Off
DEF-5552,LOAN-12730,2026-04-01,44834.5,14420.11,Written-Off
DEF-5553,LOAN-12732,2024-08-21,310796.42,74400.71,Written-Off
DEF-5554,LOAN-12734,2025-02-17,45985.46,5332.35,Written-Off
DEF-5555,LOAN-12742,2023-12-04,33595.12,13922.52,Written-Off
DEF-5556,LOAN-12745,2023-08-14,51744.72,21957.45,Written-Off
DEF-5557,LOAN-12752,2026-03-24,16687.61,7324.64,Written-Off
DEF-5558,LOAN-12754,2024-04-28,33453.13,8746.39,Written-Off
DEF-5559,LOAN-12759,2024-10-17,14086.74,5786.59,Written-Off
DEF-5560,LOAN-12761,2025-04-06,19736.11,7695.88,Written-Off
DEF-5561,LOAN-12764,2024-07-07,18603.86,2848.38,Written-Off
DEF-5562,LOAN-12765,2023-06-24,16567.83,7238.34,Written-Off
DEF-5563,LOAN-12773,2025-08-30,234655.79,82151.47,Written-Off
DEF-5564,LOAN-12789,2025-12-29,186967.74,54319.46,Written-Off
DEF-5565,LOAN-12791,2025-05-12,8103.73,2533.73,Written-Off
DEF-5566,LOAN-12795,2025-02-17,6605.12,1786.53,Recovered
DEF-5567,LOAN-12797,2026-05-22,11756.01,3629.42,Written-Off
DEF-5568,LOAN-12798,2024-04-28,10987.09,549.61,Written-Off
DEF-5569,LOAN-12818,2025-08-17,22492.99,5017.01,Written-Off
DEF-5570,LOAN-12819,2024-06-10,9181.51,1106.13,Written-Off
DEF-5571,LOAN-12825,2024-12-30,38453.97,8386.1,Written-Off
DEF-5572,LOAN-12838,2024-09-18,10749.51,3744.16,Written-Off
DEF-5573,LOAN-12843,2026-04-11,3717.91,847.01,Recovered
DEF-5574,LOAN-12848,2024-03-10,21214.55,4584.88,Written-Off
DEF-5575,LOAN-12851,2024-02-09,25000.0,7251.24,Written-Off
DEF-5576,LOAN-12852,2024-05-12,15787.43,4099.54,Written-Off
DEF-5577,LOAN-12855,2026-01-13,9679.75,1761.11,Written-Off
DEF-5578,LOAN-12857,2025-08-04,76222.92,19456.95,Written-Off
DEF-5579,LOAN-12858,2026-03-16,305853.37,109811.45,Written-Off
DEF-5580,LOAN-12871,2025-01-23,21506.52,6122.56,Written-Off
DEF-5581,LOAN-12872,2023-11-16,6000.0,1798.1,Recovered
DEF-5582,LOAN-12875,2024-07-28,29931.74,8233.07,Written-Off
DEF-5583,LOAN-12880,2023-09-21,57625.97,6731.63,Written-Off
DEF-5584,LOAN-12882,2026-04-26,24255.45,7007.32,Written-Off
DEF-5585,LOAN-12886,2026-05-26,138036.54,50463.67,Written-Off
DEF-5586,LOAN-12887,2025-06-06,201173.01,42237.56,Written-Off
DEF-5587,LOAN-12890,2026-05-16,382668.36,73935.76,Written-Off
DEF-5588,LOAN-12892,2024-04-13,21182.77,4946.96,Written-Off
DEF-5589,LOAN-12896,2024-04-14,104663.89,21242.37,Written-Off
DEF-5590,LOAN-12900,2025-04-23,49283.36,13879.58,Written-Off
DEF-5591,LOAN-12902,2025-07-15,17495.0,6780.46,Written-Off
DEF-5592,LOAN-12906,2025-11-30,10300.79,2935.6,Written-Off
DEF-5593,LOAN-12907,2026-02-18,361907.38,101704.82,Written-Off
DEF-5594,LOAN-12908,2026-04-01,5941.67,1558.92,Recovered
DEF-5595,LOAN-12912,2025-03-19,162811.52,43271.3,Written-Off
DEF-5596,LOAN-12922,2024-06-22,33533.53,14362.79,Written-Off
DEF-5597,LOAN-12925,2025-03-17,125544.66,37423.65,Written-Off
DEF-5598,LOAN-12935,2025-12-31,15934.27,3725.55,Written-Off
DEF-5599,LOAN-12948,2026-05-21,25826.94,2745.31,Written-Off
DEF-5600,LOAN-12956,2024-02-09,26022.69,9251.49,Written-Off
DEF-5601,LOAN-12958,2025-02-19,26382.42,1339.8,Written-Off
DEF-5602,LOAN-12961,2026-03-10,11461.23,2281.74,Written-Off
DEF-5603,LOAN-12963,2025-08-22,37759.79,14591.66,Written-Off
DEF-5604,LOAN-12968,2025-03-21,7479.81,822.28,Written-Off
DEF-5605,LOAN-12969,2026-03-20,69599.21,1948.62,Written-Off
DEF-5606,LOAN-12972,2025-07-03,25795.17,3043.81,Written-Off
DEF-5607,LOAN-12981,2025-08-13,33040.71,10068.24,Written-Off
DEF-5608,LOAN-12983,2024-11-06,187846.71,79177.27,Written-Off
DEF-5609,LOAN-12986,2024-04-17,87000.0,24408.0,Written-Off
DEF-5610,LOAN-12988,2025-04-01,19628.52,6670.89,Written-Off
DEF-5611,LOAN-12993,2026-03-24,6001.69,2459.86,Recovered
DEF-5612,LOAN-12994,2026-05-29,9768.58,2279.2,Written-Off
DEF-5613,LOAN-12999,2025-12-30,28261.15,10098.14,Written-Off
DEF-5614,LOAN-13002,2026-05-28,43962.81,12091.6,Written-Off
DEF-5615,LOAN-13004,2024-02-27,50793.41,13834.19,Written-Off
DEF-5616,LOAN-13005,2025-06-14,10013.45,2741.1,Written-Off
DEF-5617,LOAN-13009,2026-03-28,11146.22,1463.85,Written-Off
DEF-5618,LOAN-13026,2024-03-07,24308.45,5143.52,Written-Off
DEF-5619,LOAN-13033,2026-05-27,13475.48,2122.4,Written-Off
DEF-5620,LOAN-13041,2024-05-23,49662.43,12566.7,Written-Off
DEF-5621,LOAN-13044,2024-10-16,10240.6,1287.12,Written-Off
DEF-5622,LOAN-13053,2024-07-12,38087.71,10623.06,Written-Off
DEF-5623,LOAN-13061,2023-12-04,68645.66,20447.45,Written-Off
DEF-5624,LOAN-13064,2024-12-04,29299.57,4048.08,Written-Off
DEF-5625,LOAN-13066,2024-12-26,10114.07,2849.87,Written-Off
DEF-5626,LOAN-13076,2024-05-14,122626.68,42463.45,Written-Off
DEF-5627,LOAN-13080,2025-12-27,85000.0,22208.72,Written-Off
DEF-5628,LOAN-13093,2025-12-02,29203.68,10870.09,Written-Off
DEF-5629,LOAN-13097,2025-06-23,21065.24,8227.4,Written-Off
DEF-5630,LOAN-13098,2026-03-09,9134.39,2349.34,Written-Off
DEF-5631,LOAN-13099,2026-04-19,190248.4,49024.44,Written-Off
DEF-5632,LOAN-13108,2023-11-25,25795.17,6417.75,Written-Off
DEF-5633,LOAN-13110,2023-12-30,30772.59,12448.85,Written-Off
DEF-5634,LOAN-13114,2024-02-18,23312.89,4835.02,Written-Off
DEF-5635,LOAN-13119,2023-12-08,10000.0,2550.38,Written-Off
DEF-5636,LOAN-13122,2024-12-12,33976.43,4023.87,Written-Off
DEF-5637,LOAN-13127,2025-04-16,4992.24,906.95,Recovered
DEF-5638,LOAN-13128,2025-09-26,7078.78,2530.41,Recovered
DEF-5639,LOAN-13140,2025-12-29,26124.11,7534.64,Written-Off
DEF-5640,LOAN-13144,2024-09-10,14130.11,5218.34,Written-Off
DEF-5641,LOAN-13145,2023-11-04,19000.0,8183.08,Written-Off
DEF-5642,LOAN-13154,2023-10-08,21853.88,3501.81,Written-Off
DEF-5643,LOAN-13159,2025-01-14,49267.48,12435.57,Written-Off
DEF-5644,LOAN-13160,2025-10-24,8099.6,2105.96,Written-Off
DEF-5645,LOAN-13161,2025-02-05,24854.68,7111.24,Written-Off
DEF-5646,LOAN-13163,2026-01-18,12536.77,1787.34,Written-Off
DEF-5647,LOAN-13174,2024-12-16,25706.84,6837.96,Written-Off
DEF-5648,LOAN-13180,2024-06-11,28431.0,6350.18,Written-Off
DEF-5649,LOAN-13185,2024-09-20,323872.69,129400.38,Written-Off
DEF-5650,LOAN-13191,2024-10-23,35999.4,11653.46,Written-Off
DEF-5651,LOAN-13202,2026-01-12,15995.02,6211.58,Written-Off
DEF-5652,LOAN-13212,2025-07-06,9591.63,3475.43,Written-Off
DEF-5653,LOAN-13225,2023-12-17,21947.46,4948.83,Written-Off
DEF-5654,LOAN-13226,2025-06-22,4348.63,915.12,Recovered
DEF-5655,LOAN-13227,2026-02-11,14109.96,2767.4,Written-Off
DEF-5656,LOAN-13228,2026-05-21,10623.28,476.55,Written-Off
DEF-5657,LOAN-13236,2024-12-24,218762.62,36170.95,Written-Off
DEF-5658,LOAN-13239,2025-06-15,10626.53,1124.24,Written-Off
DEF-5659,LOAN-13244,2024-09-29,13954.66,2463.34,Written-Off
DEF-5660,LOAN-13252,2025-05-30,8242.28,2131.28,Written-Off
DEF-5661,LOAN-13255,2025-03-09,25907.15,2469.69,Written-Off
DEF-5662,LOAN-13264,2024-03-24,7696.36,1916.18,Written-Off
DEF-5663,LOAN-13271,2024-03-21,57292.66,6511.65,Written-Off
DEF-5664,LOAN-13272,2025-05-29,26025.44,5474.69,Written-Off
DEF-5665,LOAN-13274,2024-11-19,238992.29,58910.44,Written-Off
DEF-5666,LOAN-13280,2026-05-16,11140.23,1658.91,Written-Off
DEF-5667,LOAN-13282,2024-04-05,24673.07,5842.34,Written-Off
DEF-5668,LOAN-13295,2025-10-22,26338.65,7009.08,Written-Off
DEF-5669,LOAN-13296,2024-02-17,40915.26,8374.28,Written-Off
DEF-5670,LOAN-13297,2023-07-15,131031.47,21297.36,Written-Off
DEF-5671,LOAN-13301,2025-07-31,202642.31,36153.39,Written-Off
DEF-5672,LOAN-13305,2024-04-11,67532.0,18283.2,Written-Off
DEF-5673,LOAN-13307,2023-08-05,51000.0,15545.53,Written-Off
DEF-5674,LOAN-13308,2025-12-06,8299.32,3444.85,Recovered
DEF-5675,LOAN-13309,2025-08-19,25567.39,10015.21,Written-Off
DEF-5676,LOAN-13312,2024-07-30,96000.0,22945.24,Written-Off
DEF-5677,LOAN-13315,2024-11-18,253895.56,113253.51,Written-Off
DEF-5678,LOAN-13319,2023-10-08,22775.91,8008.25,Written-Off
DEF-5679,LOAN-13341,2024-02-15,14980.48,5709.61,Written-Off
DEF-5680,LOAN-13342,2026-02-22,14538.51,3196.82,Written-Off
DEF-5681,LOAN-13343,2025-09-24,408738.87,100218.12,Written-Off
DEF-5682,LOAN-13354,2023-10-28,25044.57,3168.51,Written-Off
DEF-5683,LOAN-13360,2024-08-19,3979.03,792.67,Recovered
DEF-5684,LOAN-13361,2023-06-18,16786.21,3199.81,Written-Off
DEF-5685,LOAN-13371,2024-06-30,12125.49,2912.25,Written-Off
DEF-5686,LOAN-13375,2023-10-12,30629.92,12941.01,Written-Off
DEF-5687,LOAN-13378,2023-11-25,31000.0,8684.77,Written-Off
DEF-5688,LOAN-13382,2025-06-13,28544.59,3989.12,Written-Off
DEF-5689,LOAN-13388,2024-12-31,37606.39,2546.86,Written-Off
DEF-5690,LOAN-13397,2025-07-29,24000.0,2544.42,Written-Off
DEF-5691,LOAN-13400,2024-03-20,30253.48,5208.95,Written-Off
DEF-5692,LOAN-13405,2026-01-22,46706.67,11654.55,Written-Off
DEF-5693,LOAN-13412,2024-07-24,8533.31,726.5,Written-Off
DEF-5694,LOAN-13413,2025-05-10,52501.79,14752.67,Written-Off
DEF-5695,LOAN-13414,2023-07-22,310004.46,77030.53,Written-Off
DEF-5696,LOAN-13415,2024-11-03,7146.29,2714.52,Recovered
DEF-5697,LOAN-13420,2025-12-06,197214.85,36951.09,Written-Off
DEF-5698,LOAN-13423,2026-03-12,11114.89,1526.43,Written-Off
DEF-5699,LOAN-13426,2026-05-14,3135.63,1102.41,Recovered
DEF-5700,LOAN-13434,2024-05-09,59860.41,14162.21,Written-Off
DEF-5701,LOAN-13438,2025-08-15,34330.4,10166.27,Written-Off
DEF-5702,LOAN-13445,2025-03-18,434183.24,127271.87,Written-Off
DEF-5703,LOAN-13446,2025-05-15,120724.77,38512.94,Written-Off
DEF-5704,LOAN-13447,2024-09-17,8768.18,3487.13,Written-Off
DEF-5705,LOAN-13471,2024-04-09,7619.89,993.27,Written-Off
DEF-5706,LOAN-13473,2025-03-26,120752.59,13164.37,Written-Off
DEF-5707,LOAN-13475,2024-11-23,9781.86,3383.21,Written-Off
DEF-5708,LOAN-13478,2026-03-11,247333.48,68426.67,Written-Off
DEF-5709,LOAN-13481,2024-12-07,16468.01,6548.96,Written-Off
DEF-5710,LOAN-13486,2024-09-09,21394.43,7135.01,Written-Off
DEF-5711,LOAN-13499,2025-11-08,7962.8,2060.73,Written-Off
DEF-5712,LOAN-13503,2026-04-25,9156.0,3324.98,Written-Off
DEF-5713,LOAN-13508,2024-01-22,43694.65,16711.93,Written-Off
DEF-5714,LOAN-13509,2025-08-25,31085.06,5319.8,Written-Off
DEF-5715,LOAN-13510,2025-05-20,22846.38,5809.43,Written-Off
DEF-5716,LOAN-13512,2026-01-05,92993.65,25377.53,Written-Off
DEF-5717,LOAN-13515,2025-03-20,26798.29,5715.53,Written-Off
DEF-5718,LOAN-13526,2024-10-07,19946.22,7935.48,Written-Off
DEF-5719,LOAN-13532,2025-11-21,5665.36,2051.16,Recovered
DEF-5720,LOAN-13546,2026-04-09,55987.74,6901.58,Written-Off
DEF-5721,LOAN-13549,2025-03-31,36655.84,7459.42,Written-Off
DEF-5722,LOAN-13556,2026-02-28,11090.64,2828.54,Written-Off
DEF-5723,LOAN-13559,2026-01-12,20988.54,4637.17,Written-Off
DEF-5724,LOAN-13560,2024-01-03,6729.44,2411.86,Recovered
DEF-5725,LOAN-13577,2025-04-02,8650.15,3642.99,Written-Off
DEF-5726,LOAN-13582,2024-07-23,32197.12,5663.2,Written-Off
DEF-5727,LOAN-13585,2024-12-18,33705.22,12077.64,Written-Off
DEF-5728,LOAN-13589,2025-05-16,295534.15,74579.92,Written-Off
DEF-5729,LOAN-13592,2025-06-11,247333.48,92491.13,Written-Off
DEF-5730,LOAN-13596,2025-04-04,304755.53,65734.13,Written-Off
DEF-5731,LOAN-13602,2023-08-02,112990.89,21352.84,Written-Off
DEF-5732,LOAN-13612,2023-10-06,17061.18,4161.33,Written-Off
DEF-5733,LOAN-13613,2025-04-04,48090.61,11591.68,Written-Off
DEF-5734,LOAN-13624,2026-05-13,30280.15,8856.08,Written-Off
DEF-5735,LOAN-13633,2026-01-21,11676.63,2085.04,Written-Off
DEF-5736,LOAN-13635,2025-11-29,12129.42,3416.7,Written-Off
DEF-5737,LOAN-13638,2025-01-06,150134.28,41051.82,Written-Off
DEF-5738,LOAN-13639,2025-06-09,86723.24,28245.56,Written-Off
DEF-5739,LOAN-13643,2025-12-06,197528.41,50062.64,Written-Off
DEF-5740,LOAN-13653,2024-08-08,35488.13,14289.52,Written-Off
DEF-5741,LOAN-13662,2024-02-25,7166.99,1867.71,Written-Off
DEF-5742,LOAN-13673,2024-11-19,14350.06,2943.81,Written-Off
DEF-5743,LOAN-13683,2023-07-12,31900.19,9237.8,Written-Off
DEF-5744,LOAN-13686,2024-10-01,31740.56,5377.5,Written-Off
DEF-5745,LOAN-13687,2026-02-08,15880.44,5949.47,Written-Off
DEF-5746,LOAN-13691,2025-05-17,30577.14,12980.59,Written-Off
DEF-5747,LOAN-13693,2025-11-26,9173.92,1027.67,Written-Off
DEF-5748,LOAN-13700,2025-03-07,4066.45,1369.94,Recovered
DEF-5749,LOAN-13701,2024-06-29,179631.73,35095.39,Written-Off
DEF-5750,LOAN-13702,2023-11-01,155505.33,62938.84,Written-Off
DEF-5751,LOAN-13708,2023-05-12,6000.0,899.07,Written-Off
DEF-5752,LOAN-13709,2024-02-19,9583.77,4306.03,Written-Off
DEF-5753,LOAN-13713,2024-07-10,15218.54,6447.26,Written-Off
DEF-5754,LOAN-13719,2026-03-12,8509.96,2129.93,Written-Off
DEF-5755,LOAN-13721,2025-04-28,11140.23,3325.08,Written-Off
DEF-5756,LOAN-13723,2024-12-02,30611.12,7387.34,Written-Off
DEF-5757,LOAN-13733,2024-06-19,31420.5,8592.61,Written-Off
DEF-5758,LOAN-13739,2025-08-12,43940.94,11082.77,Written-Off
DEF-5759,LOAN-13749,2024-06-05,41658.71,9766.6,Written-Off
DEF-5760,LOAN-13752,2025-08-14,49792.57,13832.5,Written-Off
DEF-5761,LOAN-13755,2025-01-01,8702.66,3849.72,Recovered
DEF-5762,LOAN-13756,2024-02-29,27672.12,3678.25,Written-Off
DEF-5763,LOAN-13760,2024-09-12,19670.3,6787.15,Written-Off
DEF-5764,LOAN-13761,2025-12-15,20306.94,7189.64,Written-Off
DEF-5765,LOAN-13770,2025-03-14,7288.03,2092.56,Written-Off
DEF-5766,LOAN-13771,2025-05-21,5597.24,723.32,Recovered
DEF-5767,LOAN-13779,2025-11-02,19376.86,2561.76,Written-Off
DEF-5768,LOAN-13787,2024-08-20,45951.93,16677.77,Written-Off
DEF-5769,LOAN-13792,2026-05-14,23760.53,9384.37,Written-Off
DEF-5770,LOAN-13802,2026-05-06,4750.08,1917.17,Recovered
DEF-5771,LOAN-13803,2024-09-22,55448.74,16694.19,Written-Off
DEF-5772,LOAN-13807,2023-05-20,31000.0,11854.33,Written-Off
DEF-5773,LOAN-13810,2026-03-02,19184.69,6958.53,Written-Off
DEF-5774,LOAN-13813,2025-08-03,80512.68,18650.26,Written-Off
DEF-5775,LOAN-13823,2025-04-09,10766.33,4818.11,Written-Off
DEF-5776,LOAN-13825,2023-12-17,148130.06,19412.16,Written-Off
DEF-5777,LOAN-13829,2024-09-06,7166.99,2807.97,Recovered
DEF-5778,LOAN-13836,2025-01-29,23788.49,2559.6,Written-Off
DEF-5779,LOAN-13838,2025-09-29,19626.37,5159.41,Written-Off
DEF-5780,LOAN-13856,2026-01-03,13226.22,2617.71,Written-Off
DEF-5781,LOAN-13861,2024-08-29,12819.66,5318.6,Written-Off
DEF-5782,LOAN-13868,2023-12-27,7000.51,1985.34,Written-Off
DEF-5783,LOAN-13874,2025-07-14,26266.27,8027.8,Written-Off
DEF-5784,LOAN-13876,2026-05-31,4452.9,704.21,Recovered
DEF-5785,LOAN-13877,2025-04-23,15142.47,1341.7,Written-Off
DEF-5786,LOAN-13881,2025-08-09,14819.26,5738.67,Written-Off
DEF-5787,LOAN-13886,2024-07-05,14299.45,2562.73,Written-Off
DEF-5788,LOAN-13888,2025-08-16,18007.46,7053.67,Written-Off
DEF-5789,LOAN-13897,2025-01-23,42573.17,14977.33,Written-Off
DEF-5790,LOAN-13899,2025-07-15,57776.25,13203.85,Written-Off
DEF-5791,LOAN-13905,2025-03-31,8722.81,2187.14,Written-Off
DEF-5792,LOAN-13908,2025-09-14,296016.67,22039.25,Written-Off
DEF-5793,LOAN-13924,2024-11-16,57852.49,13562.19,Written-Off
DEF-5794,LOAN-13927,2025-10-24,5428.16,1247.61,Recovered
DEF-5795,LOAN-13937,2023-07-07,16000.0,3397.0,Written-Off
DEF-5796,LOAN-13941,2025-08-29,17155.06,5949.4,Written-Off
DEF-5797,LOAN-13948,2026-02-17,8147.25,1251.12,Written-Off
DEF-5798,LOAN-13961,2026-03-18,182311.77,69775.3,Written-Off
DEF-5799,LOAN-13965,2024-02-21,22701.04,5450.91,Written-Off
DEF-5800,LOAN-13980,2024-11-13,36472.18,7554.22,Written-Off
DEF-5801,LOAN-13984,2026-03-05,136796.59,42659.93,Written-Off
DEF-5802,LOAN-13987,2024-04-19,37476.06,10894.63,Written-Off
DEF-5803,LOAN-13993,2026-03-23,5165.23,1076.71,Recovered
DEF-5804,LOAN-13994,2025-12-07,13062.3,3844.9,Written-Off
DEF-5805,LOAN-13996,2026-04-23,11061.04,3666.17,Written-Off
DEF-5806,LOAN-13997,2025-02-23,29002.55,9874.94,Written-Off
DEF-5807,LOAN-14004,2024-09-26,10188.04,2802.88,Written-Off
DEF-5808,LOAN-14012,2024-08-17,230235.95,100526.02,Written-Off
DEF-5809,LOAN-14014,2024-06-26,8504.64,2506.09,Written-Off
DEF-5810,LOAN-14026,2024-07-13,152801.88,2678.78,Written-Off
DEF-5811,LOAN-14027,2025-03-22,17668.75,6992.74,Written-Off
DEF-5812,LOAN-14031,2024-10-19,226276.43,45227.08,Written-Off
DEF-5813,LOAN-14033,2026-04-15,20355.41,2941.54,Written-Off
DEF-5814,LOAN-14037,2023-07-29,35459.96,12030.42,Written-Off
DEF-5815,LOAN-14044,2025-09-26,13417.28,4397.49,Written-Off
DEF-5816,LOAN-14051,2023-09-02,21497.06,2389.61,Written-Off
DEF-5817,LOAN-14059,2024-03-31,4922.93,357.16,Recovered
DEF-5818,LOAN-14062,2024-09-06,16923.47,6610.36,Written-Off
DEF-5819,LOAN-14065,2024-07-10,39545.28,16517.7,Written-Off
DEF-5820,LOAN-14069,2024-04-12,18568.52,3738.15,Written-Off
DEF-5821,LOAN-14070,2026-04-14,13536.4,4638.84,Written-Off
DEF-5822,LOAN-14071,2026-05-08,18196.55,5069.57,Written-Off
DEF-5823,LOAN-14072,2023-10-09,309871.16,94212.39,Written-Off
DEF-5824,LOAN-14089,2024-01-24,12452.76,2707.56,Written-Off
DEF-5825,LOAN-14095,2026-05-02,5873.02,720.86,Written-Off
DEF-5826,LOAN-14097,2024-07-24,322000.0,88980.77,Written-Off
DEF-5827,LOAN-14098,2025-05-10,16653.56,6109.47,Written-Off
DEF-5828,LOAN-14103,2025-11-02,100408.58,32549.84,Written-Off
DEF-5829,LOAN-14107,2025-02-15,5534.06,1762.2,Recovered
DEF-5830,LOAN-14108,2023-08-11,16000.0,6317.34,Written-Off
DEF-5831,LOAN-14115,2024-11-01,21261.65,2199.59,Written-Off
DEF-5832,LOAN-14120,2023-10-11,15978.5,4380.89,Written-Off
DEF-5833,LOAN-14126,2024-01-02,51592.86,14343.06,Written-Off
DEF-5834,LOAN-14128,2025-06-14,30295.24,13100.25,Written-Off
DEF-5835,LOAN-14130,2025-04-12,25305.06,9376.07,Written-Off
DEF-5836,LOAN-14134,2025-10-30,10525.15,2174.44,Written-Off
DEF-5837,LOAN-14141,2026-03-10,6432.62,2756.14,Recovered
DEF-5838,LOAN-14145,2025-02-24,43469.72,17347.23,Written-Off
DEF-5839,LOAN-14148,2025-06-05,86329.88,17584.86,Written-Off
DEF-5840,LOAN-14150,2024-04-25,39924.76,14010.3,Written-Off
DEF-5841,LOAN-14155,2024-07-06,20352.83,4264.34,Written-Off
DEF-5842,LOAN-14160,2025-10-12,9950.93,4053.74,Written-Off
DEF-5843,LOAN-14165,2025-12-30,174868.19,28964.16,Written-Off
DEF-5844,LOAN-14168,2025-07-06,389424.16,133827.97,Written-Off
DEF-5845,LOAN-14172,2026-03-17,150319.63,39577.73,Written-Off
DEF-5846,LOAN-14178,2025-05-07,20464.33,2844.58,Written-Off
DEF-5847,LOAN-14188,2026-01-01,24811.44,7435.52,Written-Off
DEF-5848,LOAN-14199,2025-09-18,234654.26,80192.94,Written-Off
DEF-5849,LOAN-14200,2023-09-15,25650.2,9861.74,Written-Off
DEF-5850,LOAN-14201,2023-11-10,22061.35,6055.67,Written-Off
DEF-5851,LOAN-14202,2024-01-31,130523.48,25458.54,Written-Off
DEF-5852,LOAN-14203,2024-01-31,40082.93,6325.57,Written-Off
DEF-5853,LOAN-14205,2025-05-08,10695.42,2444.47,Written-Off
DEF-5854,LOAN-14209,2024-02-14,146514.85,19957.21,Written-Off
DEF-5855,LOAN-14211,2025-05-01,41237.54,10129.12,Written-Off
DEF-5856,LOAN-14216,2023-06-27,32000.0,8070.31,Written-Off
DEF-5857,LOAN-14219,2024-07-06,23177.98,8562.78,Written-Off
DEF-5858,LOAN-14220,2023-12-16,21333.28,6319.35,Written-Off
DEF-5859,LOAN-14224,2025-04-05,219541.54,98493.96,Written-Off
DEF-5860,LOAN-14227,2025-12-27,16125.68,4812.43,Written-Off
DEF-5861,LOAN-14233,2023-07-02,24840.2,4765.7,Written-Off
DEF-5862,LOAN-14235,2025-02-13,90790.34,15989.75,Written-Off
DEF-5863,LOAN-14244,2025-09-16,7556.88,1746.73,Written-Off
DEF-5864,LOAN-14247,2026-04-24,241764.65,50592.05,Written-Off
DEF-5865,LOAN-14256,2025-08-04,22500.89,6003.4,Written-Off
DEF-5866,LOAN-14257,2026-05-18,5316.87,1133.6,Recovered
DEF-5867,LOAN-14261,2025-06-21,60201.81,14803.46,Written-Off
DEF-5868,LOAN-14267,2025-05-22,24202.24,5277.98,Written-Off
DEF-5869,LOAN-14269,2025-03-07,13523.41,3501.02,Written-Off
DEF-5870,LOAN-14272,2024-06-04,242000.0,82737.19,Written-Off
DEF-5871,LOAN-14274,2025-12-22,183000.75,40266.34,Written-Off
DEF-5872,LOAN-14276,2026-01-29,160191.87,35539.93,Written-Off
DEF-5873,LOAN-14288,2025-02-08,17759.57,3670.07,Written-Off
DEF-5874,LOAN-14299,2023-11-17,54700.6,22859.83,Written-Off
DEF-5875,LOAN-14305,2026-02-01,13528.39,2821.39,Written-Off
DEF-5876,LOAN-14306,2025-09-05,274702.86,105689.21,Written-Off
DEF-5877,LOAN-14307,2025-09-02,13719.44,4472.0,Written-Off
DEF-5878,LOAN-14313,2026-02-05,216388.05,57661.44,Written-Off
DEF-5879,LOAN-14314,2023-10-06,20536.88,5455.52,Written-Off
DEF-5880,LOAN-14315,2024-12-30,17591.39,4091.06,Written-Off
DEF-5881,LOAN-14320,2023-11-08,14922.7,1460.09,Written-Off
DEF-5882,LOAN-14325,2025-08-08,59639.95,22597.16,Written-Off
DEF-5883,LOAN-14335,2024-09-26,13375.32,498.49,Written-Off
DEF-5884,LOAN-14344,2025-10-26,7919.24,1145.21,Written-Off
DEF-5885,LOAN-14354,2023-11-01,17000.0,1883.74,Written-Off
DEF-5886,LOAN-14366,2025-03-21,323729.17,87531.08,Written-Off
DEF-5887,LOAN-14375,2024-04-25,16997.94,4603.92,Written-Off
DEF-5888,LOAN-14377,2024-05-05,13312.5,1634.5,Written-Off
DEF-5889,LOAN-14378,2026-04-10,178374.6,55503.35,Written-Off
DEF-5890,LOAN-14380,2024-11-28,31909.21,7433.54,Written-Off
DEF-5891,LOAN-14381,2023-12-10,15573.61,3154.27,Written-Off
DEF-5892,LOAN-14385,2025-07-26,225149.53,67901.92,Written-Off
DEF-5893,LOAN-14388,2025-02-07,6780.82,2962.34,Recovered
DEF-5894,LOAN-14391,2024-12-03,16185.21,2196.94,Written-Off
DEF-5895,LOAN-14394,2025-04-15,21472.68,3979.66,Written-Off
DEF-5896,LOAN-14398,2024-09-17,27461.72,11881.01,Written-Off
DEF-5897,LOAN-14418,2026-05-03,8271.21,526.26,Written-Off
DEF-5898,LOAN-14421,2024-01-04,15408.06,3822.99,Written-Off
DEF-5899,LOAN-14422,2026-04-29,29760.29,7287.8,Written-Off
DEF-5900,LOAN-14423,2026-04-09,16045.92,3214.62,Written-Off
DEF-5901,LOAN-14424,2023-12-31,39366.62,1368.21,Written-Off
DEF-5902,LOAN-14429,2025-10-22,13187.32,2854.45,Written-Off
DEF-5903,LOAN-14430,2023-10-22,121510.54,25954.32,Written-Off
DEF-5904,LOAN-14431,2025-01-24,34514.79,9486.83,Written-Off
DEF-5905,LOAN-14436,2024-10-21,50582.93,8152.01,Written-Off
DEF-5906,LOAN-14442,2024-08-14,254375.1,107780.27,Written-Off
DEF-5907,LOAN-14446,2026-03-08,14897.35,3019.82,Written-Off
DEF-5908,LOAN-14447,2023-10-14,29831.39,12675.23,Written-Off
DEF-5909,LOAN-14450,2023-12-17,27594.68,7679.71,Written-Off
DEF-5910,LOAN-14462,2025-03-30,10791.6,3138.7,Written-Off
DEF-5911,LOAN-14467,2024-05-29,19060.98,4537.72,Written-Off
DEF-5912,LOAN-14469,2025-02-16,18182.21,6889.5,Written-Off
DEF-5913,LOAN-14487,2025-04-22,16196.7,2542.82,Written-Off
